-- MySQL dump 10.13  Distrib 5.5.29, for debian-linux-gnu (x86_64)
--
-- Host: stagingdb.orvsd.org    Database: central
-- ------------------------------------------------------
-- Server version	5.5.28-29.1-log

/*!40101 SET @OLD_CHARACTER_SET_CLIENT=@@CHARACTER_SET_CLIENT */;
/*!40101 SET @OLD_CHARACTER_SET_RESULTS=@@CHARACTER_SET_RESULTS */;
/*!40101 SET @OLD_COLLATION_CONNECTION=@@COLLATION_CONNECTION */;
/*!40101 SET NAMES utf8 */;
/*!40103 SET @OLD_TIME_ZONE=@@TIME_ZONE */;
/*!40103 SET TIME_ZONE='+00:00' */;
/*!40014 SET @OLD_UNIQUE_CHECKS=@@UNIQUE_CHECKS, UNIQUE_CHECKS=0 */;
/*!40014 SET @OLD_FOREIGN_KEY_CHECKS=@@FOREIGN_KEY_CHECKS, FOREIGN_KEY_CHECKS=0 */;
/*!40101 SET @OLD_SQL_MODE=@@SQL_MODE, SQL_MODE='NO_AUTO_VALUE_ON_ZERO' */;
/*!40111 SET @OLD_SQL_NOTES=@@SQL_NOTES, SQL_NOTES=0 */;

--
-- Table structure for table `alembic_version`
--

DROP TABLE IF EXISTS `alembic_version`;
/*!40101 SET @saved_cs_client     = @@character_set_client */;
/*!40101 SET character_set_client = utf8 */;
CREATE TABLE `alembic_version` (
  `version_num` varchar(32) NOT NULL
) ENGINE=InnoDB DEFAULT CHARSET=utf8;
/*!40101 SET character_set_client = @saved_cs_client */;

--
-- Dumping data for table `alembic_version`
--

LOCK TABLES `alembic_version` WRITE;
/*!40000 ALTER TABLE `alembic_version` DISABLE KEYS */;
INSERT INTO `alembic_version` VALUES ('53a608373b2f');
/*!40000 ALTER TABLE `alembic_version` ENABLE KEYS */;
UNLOCK TABLES;

--
-- Table structure for table `course_details`
--

DROP TABLE IF EXISTS `course_details`;
/*!40101 SET @saved_cs_client     = @@character_set_client */;
/*!40101 SET character_set_client = utf8 */;
CREATE TABLE `course_details` (
  `parent_id` int(11) DEFAULT NULL,
  `filename` varchar(255) DEFAULT NULL,
  `version` float DEFAULT NULL,
  `updated` datetime DEFAULT NULL,
  `active` tinyint(1) DEFAULT NULL,
  `moodle_version` varchar(255) DEFAULT NULL,
  `source` varchar(255) DEFAULT NULL,
  `id` int(11) NOT NULL AUTO_INCREMENT,
  `course_id` int(11) DEFAULT NULL,
  PRIMARY KEY (`id`),
  KEY `parent_id` (`parent_id`),
  KEY `fk_course_details_course_id` (`course_id`),
  CONSTRAINT `course_details_ibfk_1` FOREIGN KEY (`parent_id`) REFERENCES `courses` (`id`),
  CONSTRAINT `fk_course_details_course_id` FOREIGN KEY (`course_id`) REFERENCES `courses` (`id`)
) ENGINE=InnoDB AUTO_INCREMENT=76 DEFAULT CHARSET=utf8;
/*!40101 SET character_set_client = @saved_cs_client */;

--
-- Dumping data for table `course_details`
--

LOCK TABLES `course_details` WRITE;
/*!40000 ALTER TABLE `course_details` DISABLE KEYS */;
INSERT INTO `course_details` VALUES (22,'backup-moodle2-course-middle_school_language_arts_ii__advanced__v8_(gs)-20120824-1326-nu.mbz',8,'2012-12-14 03:46:42',1,'2.2','flvs',1,22),(2,'backup-moodle2-course-algebra_ii-20120823-2038-nu.mbz',10,'2012-12-14 03:46:42',1,'2.2','flvs',2,2),(6,'backup-moodle2-course-ap_english_literature_and_composition_v10_(gs)_1-20120831-0733-nu.mbz',10,'2012-12-14 03:46:42',1,'2.2','flvs',3,6),(23,'backup-moodle2-course-middle_school_language_arts_iii__advanced_v8_(gs)-20120827-1517-nu.mbz',8,'2012-12-14 03:46:42',1,'2.2','flvs',4,23),(7,'backup-moodle2-course-ap_psychology_v11_(gs)-20120827-1055-nu.mbz',11,'2012-12-14 03:46:42',1,'2.2','flvs',5,7),(8,'backup-moodle2-course-ap_statistics_1-20120824-1206-nu.mbz',9,'2012-12-14 03:46:42',1,'2.2','flvs',6,8),(9,'backup-moodle2-course-ap_u.s._history_v9_(gs)-20120830-1822-nu.mbz',9,'2012-12-14 03:46:42',1,'2.2','flvs',7,9),(25,'backup-moodle2-course-middle_school_mathematics_i__advanced_v10_(gs)-20120824-1725-nu.mbz',10,'2012-12-14 03:46:42',1,'2.2','flvs',8,25),(14,'backup-moodle2-course-biology-20120823-0841-nu.mbz',10,'2012-12-14 03:46:42',1,'2.2','flvs',9,14),(25,'backup-moodle2-course-middle_school_mathematics_ii__advanced_v9_(gs)-20120824-1741-nu.mbz',9,'2012-12-14 03:46:42',1,'2.2','flvs',10,25),(19,'backup-moodle2-course-chemistry-20120823-0842-nu.mbz',10,'2012-12-14 03:46:42',1,'2.2','flvs',11,19),(28,'backup-moodle2-course-middle_school_mathematics_iii__advanced_v10_(gs)-20120824-1755-nu.mbz',10,'2012-12-14 03:46:42',1,'2.2','flvs',12,28),(21,'backup-moodle2-course-computer_programming_1-20120824-2057-nu.mbz',9,'2012-12-14 03:46:51',1,'2.2','flvs',13,21),(24,'backup-moodle2-course-earth_space_science_v12_(gs)_2-20120824-1124-nu.mbz',12,'2012-12-14 03:47:55',1,'2.2','flvs',14,24),(27,'backup-moodle2-course-economics-20120823-0839-nu.mbz',9,'2012-12-14 03:49:21',1,'2.2','flvs',15,27),(32,'backup-moodle2-course-english_3_2-20120823-0834-nu.mbz',13,'2012-12-14 03:58:38',1,'2.2','flvs',16,32),(29,'backup-moodle2-course-english_i__-_grade_9-20120823-0832-nu.mbz',8,'2012-12-14 04:01:06',1,'2.2','flvs',17,29),(30,'backup-moodle2-course-english_ii__honors_v10_(gs)-20120824-0503-nu.mbz',9,'2012-12-14 04:01:37',1,'2.2','flvs',18,30),(33,'backup-moodle2-course-english_iv_-_grade_12-20120823-0837-nu.mbz',10,'2012-12-14 04:02:37',1,'2.2','flvs',19,33),(40,'backup-moodle2-course-global_studies-20120823-0839-nu.mbz',8,'2012-12-14 04:04:55',1,'2.2','flvs',20,40),(42,'backup-moodle2-course-hope-20120823-0840-nu.mbz',9,'2012-12-14 04:05:33',1,'2.2','flvs',21,42),(45,'backup-moodle2-course-journalism_i_v11_(gs)-20120824-1215-nu.mbz',11,'2012-12-14 04:06:02',1,'2.2','flvs',22,45),(49,'backup-moodle2-course-life_management_skills-20120824-1341-nu.mbz',10,'2012-12-14 04:06:25',1,'2.2','flvs',23,49),(51,'backup-moodle2-course-marine_science_1-20120824-1208-nu.mbz',9,'2012-12-14 04:08:55',1,'2.2','flvs',24,51),(16,'backup-moodle2-course-middle_school_comprehensive_science_ii__advanced_v8_(gs)-20120827-1632-nu.mbz',8,'2012-12-14 04:10:03',1,'2.2','flvs',25,16),(18,'backup-moodle2-course-middle_school_comprehensive_science_iii__advanced_v8_(gs)-20120828-0956-nu.mbz',8,'2012-12-14 04:10:48',1,'2.2','flvs',26,18),(20,'backup-moodle2-course-middle_school_language_arts_i__advanced_v8_(gs)-20120824-1230-nu.mbz',8,'2012-12-14 04:12:10',1,'2.2','flvs',27,20),(54,'backup-moodle2-course-physics_1-20120824-1209-nu.mbz',NULL,'2012-12-14 04:15:05',1,'2.2','flvs',28,54),(44,'backup-moodle2-course-pre-calculus-20120824-1236-nu.mbz',7,'2012-12-14 04:15:51',1,'2.2','flvs',29,44),(43,'backup-moodle2-course-psychology_i_v10_(gs)_1-20120825-1231-nu.mbz',10,'2012-12-14 04:16:56',1,'2.2','flvs',30,43),(46,'backup-moodle2-course-spanish_i-20120827-1706-nu.mbz',9,'2012-12-14 04:17:24',1,'2.2','flvs',31,46),(47,'backup-moodle2-course-spanish_ii_v8_(gs)_e11-20120824-1817-nu.mbz',8,'2012-12-14 04:17:51',1,'2.2','flvs',32,47),(48,'backup-moodle2-course-spanish_iii_1-20120828-0918-nu.mbz',10,'2012-12-14 04:18:14',1,'2.2','flvs',33,48),(37,'backup-moodle2-course-us_history-20120823-0842-nu.mbz',10,'2012-12-14 04:19:32',1,'2.2','flvs',34,37),(31,'backup-moodle2-course-middle_school_reading_i_v8_(gs)-20120824-1801-nu.mbz',8,'2012-12-14 04:20:45',1,'2.2','flvs',35,31),(50,'backup-moodle2-course-web_design_i-20120824-1243-nu.mbz',10,'2012-12-14 04:20:03',1,'2.2','flvs',36,50),(52,'backup-moodle2-course-web_design_ii_v7_(gs)-20120824-1820-nu.mbz',7,'2012-12-14 04:20:30',1,'2.2','flvs',37,52),(34,'backup-moodle2-course-middle_school_spanish_i_v7_(gs)_e11-20120830-1826-nu.mbz',7,'2012-12-14 04:22:03',1,'2.2','flvs',38,34),(35,'backup-moodle2-course-middle_school_spanish_ii_v9_(gs)-20120830-1814-nu.mbz',9,'2012-12-14 04:22:57',1,'2.2','flvs',39,35),(37,'backup-moodle2-course-middle_school_u.s._history__advanced_v10_(gs)-20120824-1809-nu.mbz',10,'2012-12-14 04:23:40',1,'2.2','flvs',40,37),(39,'backup-moodle2-course-middle_school_world_geography_v8_(gs)-20120830-1829-nu.mbz',8,'2012-12-14 04:24:29',1,'2.2','flvs',41,39),(13,'backup-moodle2-course-mj_comprehensive_pe_-_grades_67_v11_gs-20120910-1233-nu.mbz',11,'2012-12-14 04:26:04',1,'2.2','flvs',42,13),(12,'backup-moodle2-course-mj_comprehensive_pe_-_grades_78_v11_gs-20120910-1232-nu.mbz',11,'2012-12-14 04:26:29',1,'2.2','flvs',43,12),(15,'backup-moodle2-course-mj_comprehensive_science_i_v8_(gs)-20120824-1358-nu.mbz',8,'2012-12-14 04:27:06',1,'2.2','flvs',44,15),(41,'backup-moodle2-course-physical_science-20120823-0841-nu.mbz',9,'2012-12-14 04:27:38',1,'2.2','flvs',45,41),(NULL,'Moodle v1.9_backup-College Preparatory Physics II_PLacey_April2012.zip',1,'2013-02-08 01:19:07',1,'2.2','nroc',46,56),(NULL,'Moodle v1.9_backup-College Preparatory Physics I_PLaceyApril2012.zip',1,'2013-02-08 01:19:12',1,'2.2','nroc',47,57),(NULL,'Moodle v1.9_backup-hs_govt-SierraVista_Aug2010.zip',1,'2013-02-08 01:19:48',1,'2.2','nroc',48,58),(NULL,'Moodle v1.9_backup_religions_placey_032111.zip',1,'2013-02-08 01:20:21',1,'2.2','nroc',49,59),(NULL,'Moodle_v1.9_Environmental_Science.zip',1,'2013-02-08 01:21:09',1,'2.2','nroc',50,60),(NULL,'Moodlev1.9_AP_Environmental_Science.zip',1,'2013-02-08 01:21:48',1,'2.2','nroc',51,61),(NULL,'Moodlev1.9_backup-Intro_Calculus_I.zip',1,'2013-02-08 01:22:24',1,'2.2','nroc',52,62),(NULL,'Moodlev1.9_backup-Intro_Calculus_II.zip',1,'2013-02-08 01:22:55',1,'2.2','nroc',53,63),(NULL,'Moodlev1.9_backup_APCalc_AB_I.zip',1,'2013-02-08 01:23:31',1,'2.2','nroc',54,64),(NULL,'Moodlev1.9_backup_AP_Bio_I.zip',1,'2013-02-08 01:23:54',1,'2.2','nroc',55,65),(NULL,'Moodlev1.9_backup_AP_Bio_II.zip',1,'2013-02-08 01:24:18',1,'2.2','nroc',56,66),(NULL,'Moodlev1.9_backup_AP_USHist_II_w-chp27_082510.zip',1,'2013-02-08 01:24:43',1,'2.2','nroc',57,67),(NULL,'Moodlev1.9_backup_AP_US_Gov_Politics_0.zip',1,'2013-02-08 01:25:35',1,'2.2','nroc',58,68),(NULL,'Moodlev1.9_backup_AP_UShistory_I (1).zip',1,'2013-02-08 01:26:09',1,'2.2','nroc',59,69),(NULL,'Moodlev1.9_backup_AP_calc_AB_II.zip',1,'2013-02-08 01:26:34',1,'2.2','nroc',60,70),(NULL,'Moodlev1.9_backup_AP_environ_sci.zip',1,'2013-02-08 01:27:04',1,'2.2','nroc',61,71),(NULL,'Moodlev1.9_backup_APcalc_BC_I.zip',1,'2013-02-08 01:27:50',1,'2.2','nroc',62,72),(NULL,'Moodlev1.9_backup_APcalc_BC_II.zip',1,'2013-02-08 01:28:31',1,'2.2','nroc',63,73),(NULL,'Moodlev1.9_backup_APphysics_B_I.zip',1,'2013-02-08 01:28:54',1,'2.2','nroc',64,74),(NULL,'Moodlev1.9_backup_APphysics_B_II.zip',1,'2013-02-08 01:29:18',1,'2.2','nroc',65,75),(NULL,'Moodlev1.9_backup_APphysics_C_I.zip',1,'2013-02-08 01:29:50',1,'2.2','nroc',66,76),(NULL,'Moodlev1.9_backup_APphysics_C_II.zip',1,'2013-02-08 01:30:15',1,'2.2','nroc',67,77),(NULL,'Moodlev1.9_backup_American_Govt_0.zip',1,'2013-02-08 01:30:35',1,'2.2','nroc',68,78),(NULL,'Moodlev1.9_backup_US_History_I.zip',1,'2013-02-08 01:31:00',1,'2.2','nroc',69,79),(NULL,'Moodlev1.9_backup_US_History_II_0.zip',1,'2013-02-08 01:31:27',1,'2.2','nroc',70,80),(NULL,'Moodlev1.9_backup_alg1A (1).zip',1,'2013-02-08 01:31:49',1,'2.2','nroc',71,81),(NULL,'Moodlev1.9_backup_alg1B.zip',1,'2013-02-08 01:32:10',1,'2.2','nroc',72,82),(NULL,'Moodlev1.9_backup_psych_pLacey_031811.zip',1,'2013-02-08 01:33:32',1,'2.2','nroc',73,83),(NULL,'backup-moodle2-course-developmental_math_1-20130123-1117-nu.mbz',1,'2013-02-08 01:34:08',1,'2.2','nroc',74,84),(NULL,'non-majors_biology-placey.zip',1,'2013-02-08 01:34:36',1,'2.2','nroc',75,85);
/*!40000 ALTER TABLE `course_details` ENABLE KEYS */;
UNLOCK TABLES;

--
-- Table structure for table `courses`
--

DROP TABLE IF EXISTS `courses`;
/*!40101 SET @saved_cs_client     = @@character_set_client */;
/*!40101 SET character_set_client = utf8 */;
CREATE TABLE `courses` (
  `id` int(11) NOT NULL AUTO_INCREMENT,
  `serial` int(11) DEFAULT NULL,
  `name` varchar(255) DEFAULT NULL,
  `shortname` varchar(255) DEFAULT NULL,
  `license` varchar(255) DEFAULT NULL,
  `category` varchar(255) DEFAULT NULL,
  PRIMARY KEY (`id`)
) ENGINE=InnoDB AUTO_INCREMENT=86 DEFAULT CHARSET=utf8;
/*!40101 SET character_set_client = @saved_cs_client */;

--
-- Dumping data for table `courses`
--

LOCK TABLES `courses` WRITE;
/*!40000 ALTER TABLE `courses` DISABLE KEYS */;
INSERT INTO `courses` VALUES (1,1000,'Algebra I','AlgebraI',NULL,'Misc'),(2,1001,'Algebra II','AlgebraII',NULL,'Misc'),(3,1002,'American Government','AmericanGovernment',NULL,'Misc'),(4,1003,'American History','AmericanHistory',NULL,'Misc'),(5,1004,'AP Calculus AB','APCalculusAB',NULL,'Misc'),(6,1005,'AP English Literature and Composition','APEnglishLitAndComp',NULL,'Misc'),(7,1006,'AP Psychology','APPsychology',NULL,'Misc'),(8,1007,'AP Statistics','APStatistics',NULL,'Misc'),(9,1008,'AP U.S. History','APUSHistory',NULL,'Misc'),(12,1029,'Middle School Comprehensive PE Grade 7/8','MSCPE7/8',NULL,'Misc'),(13,1028,'Middle School Comprehensive PE Grade 6/7','MSCPE6/7',NULL,'Misc'),(14,1009,'Biology','Biology',NULL,'Misc'),(15,1030,'Middle School Comprehensive Science 1','MSCS1',NULL,'Misc'),(16,1031,'Middle School Comprehensive Science 2','MSCS2',NULL,'Misc'),(17,1010,'Calculus','Calculus',NULL,'Misc'),(18,1032,'Middle School Comprehensive Science 3','MSCS3',NULL,'Misc'),(19,1011,'Chemistry','Chemistry',NULL,'Misc'),(20,1033,'Middle School Language Arts 1','MSLA1',NULL,'Misc'),(21,1012,'Computer Programming I','ComputerProgrammingI',NULL,'Misc'),(22,1034,'Middle School Language Arts 2','MSLA2',NULL,'Misc'),(23,1035,'Middle School Language Arts 3','MSLA3',NULL,'Misc'),(24,1013,'Earth Space Science','EarthSpaceScienc',NULL,'Misc'),(25,1036,'Middle School Mathematics 1','MSM1',NULL,'Misc'),(26,1037,'Middle School Mathematics 2','MSM2',NULL,'Misc'),(27,1014,'Economics','Economics',NULL,'Misc'),(28,1038,'Middle School Mathematics 3','MSM3',NULL,'Misc'),(29,1015,'English I','EnglishI',NULL,'Misc'),(30,1016,'English II','EnglishII',NULL,'Misc'),(31,1039,'Middle School Reading 1','MSR1',NULL,'Misc'),(32,1017,'English III','EnglishIII',NULL,'Misc'),(33,1018,'English IV','EnglishIV',NULL,'Misc'),(34,1040,'Middle School Spanish Beginning','MSSB',NULL,'Misc'),(35,1041,'Middle School Spanish Intermediate','MSSI',NULL,'Misc'),(36,1019,'Fitness Lifestyle Design','FitnessLifestyleDesign',NULL,'Misc'),(37,1042,'Middle School U.S. History','MSUSH',NULL,'Misc'),(38,1020,'Geometry','Geometry',NULL,'Misc'),(39,1043,'Middle School World Geography','MSWG',NULL,'Misc'),(40,1021,'Global Studies','GlobalStudies',NULL,'Misc'),(41,1044,'Physical Science','P.Science',NULL,'Misc'),(42,1022,'Health Opps through PE','HealthOppsPE',NULL,'Misc'),(43,1045,'Psychology I','PsychI',NULL,'Misc'),(44,1046,'Pre-Calculus','PreCalc',NULL,'Misc'),(45,1023,'Journalism','Journalism',NULL,'Misc'),(46,1047,'Spanish I','SpanI',NULL,'Misc'),(47,1048,'Spanish II','SpanII',NULL,'Misc'),(48,1049,'Spanish III','SpanIII',NULL,'Misc'),(49,1024,'Lifestyle Management Skills','LifestyleManagementSkills',NULL,'Misc'),(50,1050,'Web Design I','WebI',NULL,'Misc'),(51,1025,'Marine Science','MarineScience',NULL,'Misc'),(52,1051,'Web Design II','WebII',NULL,'Misc'),(53,1052,'Algebra 1 Honors','Alg1H',NULL,'Misc'),(54,1053,'Physics','Physics',NULL,'Misc'),(56,1054,'College Preparatory Physics II','CPPhysicsII',NULL,'Misc'),(57,1055,'College Preparatory Physics I','CPPhysicsI',NULL,'Misc'),(58,1056,'HS American Government','HSAmGov',NULL,'Misc'),(59,1057,'Religions of the World','Religions',NULL,'Misc'),(60,1058,'Environmental Science','EnvScience',NULL,'Misc'),(61,1059,'Environmental Science for AP','APEnvScience',NULL,'Misc'),(62,1060,'Introductory Calculus I','IntroCalcI',NULL,'Misc'),(63,1061,'Introductory Calculus II','IntroCalcII',NULL,'Misc'),(64,1062,'Calculus AB I for AP','APCalcABI',NULL,'Misc'),(65,1063,'Biology I for AP','APBiologyI',NULL,'Misc'),(66,1064,'Biology II for AP','APBiologyII',NULL,'Misc'),(67,1065,'AP US History II','APUSHistoryII',NULL,'Misc'),(68,1066,'U.S. Government and Politics for AP','APUSGovPolitics',NULL,'Misc'),(69,1067,'US History I for AP','APUSHistoryI',NULL,'Misc'),(70,1068,'Calculus AB II for AP','APCalcABII',NULL,'Misc'),(71,1069,'Environmental Science for AP','APEnvSci',NULL,'Misc'),(72,1070,'Calculus BC I for AP','APCalcBCI',NULL,'Misc'),(73,1071,'Calculus BC II for AP','APCalcBCII',NULL,'Misc'),(74,1072,'Physics B I for AP','APPhysicsBI',NULL,'Misc'),(75,1073,'Physics B II for AP','APPhysicsBII',NULL,'Misc'),(76,1074,'Physics C I for AP','APPhysicsCI',NULL,'Misc'),(77,1075,'Physics C II for AP','APPhysicsCII',NULL,'Misc'),(78,1076,'American Government','AmericanGov',NULL,'Misc'),(79,1077,'US History I','USHistoryI',NULL,'Misc'),(80,1078,'US History II','USHistoryII',NULL,'Misc'),(81,1079,'Algebra 1A','Algebra1A',NULL,'Misc'),(82,1080,'Algebra 1B','Algebra1B',NULL,'Misc'),(83,1081,'Psychology','Psychology',NULL,'Misc'),(84,1082,'Developmental Math - Full Course','DevMathFull',NULL,'Misc'),(85,1083,'Non-Majors Biology','NonMajorBiology',NULL,'Misc');
/*!40000 ALTER TABLE `courses` ENABLE KEYS */;
UNLOCK TABLES;

--
-- Table structure for table `districts`
--

DROP TABLE IF EXISTS `districts`;
/*!40101 SET @saved_cs_client     = @@character_set_client */;
/*!40101 SET character_set_client = utf8 */;
CREATE TABLE `districts` (
  `id` int(11) NOT NULL AUTO_INCREMENT,
  `name` varchar(255) DEFAULT NULL,
  `shortname` varchar(255) DEFAULT NULL,
  `base_path` varchar(255) DEFAULT NULL,
  PRIMARY KEY (`id`)
) ENGINE=InnoDB AUTO_INCREMENT=224 DEFAULT CHARSET=utf8;
/*!40101 SET character_set_client = @saved_cs_client */;

--
-- Dumping data for table `districts`
--

LOCK TABLES `districts` WRITE;
/*!40000 ALTER TABLE `districts` DISABLE KEYS */;
INSERT INTO `districts` VALUES (2,'Adel SD 21','AdelSD21',''),(3,'Adrian SD 61','AdrianSD61',''),(4,'Alsea SD 7J','AlseaSD7J',''),(5,'Amity SD 4J','AmitySD4J',''),(6,'Annex SD 29','AnnexSD29',''),(7,'Arlington SD 3','ArlingtonSD3',''),(8,'Arock SD 81','ArockSD81',''),(9,'Ashland SD 5','AshlandSD5',''),(10,'Ashwood SD 8','AshwoodSD8',''),(11,'Astoria SD 1','AstoriaSD1',''),(12,'Athena-Weston SD 29RJ','Athena-WestonSD29RJ',''),(13,'Baker SD 5J','BakerSD5J',''),(14,'Ballston Community School','BallstonCommunitySchool',''),(15,'Bandon SD 54','BandonSD54',''),(16,'Banks SD 13','BanksSD13',''),(17,'Beaverton SD 48J','BeavertonSD48J',''),(18,'Bend--LaPine Administrative SD 1','Bend--LaPineAdministrativeSD1',''),(19,'Bethel SD 52','BethelSD52',''),(20,'Blachly SD 90','BlachlySD90',''),(21,'Black Butte SD 41','BlackButteSD41',''),(22,'Brookings-Harbor SD 17C','Brookings-HarborSD17C',''),(23,'Burnt River SD 30J','BurntRiverSD30J',''),(24,'Butte Falls SD 91','ButteFallsSD91',''),(25,'Camas Valley SD 21J','CamasValleySD21J',''),(26,'Canby SD 86','CanbySD86',''),(27,'Cascade SD 5','CascadeSD5',''),(28,'Centennial SD 28J','CentennialSD28J',''),(29,'Central Curry SD 1','CentralCurrySD1',''),(30,'Central Linn SD 552','CentralLinnSD552',''),(31,'Central Point SD 6','CentralPointSD6',''),(32,'Central SD 13J','CentralSD13J',''),(33,'Clatskanie SD 6J','ClatskanieSD6J',''),(34,'Colton SD 53','ColtonSD53',''),(35,'Condon SD 25J','CondonSD25J',''),(36,'Coos Bay SD 9','CoosBaySD9',''),(37,'Coquille SD 8','CoquilleSD8',''),(38,'Corbett SD 39','CorbettSD39',''),(39,'Corvallis SD 509J','CorvallisSD509J',''),(40,'Cove SD 15','CoveSD15',''),(41,'Creswell SD 40','CreswellSD40',''),(42,'Crook County SD','CrookCountySD',''),(43,'Crow-Applegate-Lorane SD 66','Crow-Applegate-LoraneSD66',''),(44,'Culver SD 4','CulverSD4',''),(45,'Dallas SD 2','DallasSD2',''),(46,'David Douglas SD 40','DavidDouglasSD40',''),(47,'Dayton SD 8','DaytonSD8',''),(48,'Dayville SD 16J','DayvilleSD16J',''),(49,'Diamond SD 7','DiamondSD7',''),(50,'Double O SD 28','DoubleOSD28',''),(51,'Douglas County SD 15','DouglasCountySD15',''),(52,'Douglas County SD 4','DouglasCountySD4',''),(53,'Drewsey SD 13','DrewseySD13',''),(54,'Dufur SD 29','DufurSD29',''),(55,'Eagle Point SD 9','EaglePointSD9',''),(56,'Echo SD 5','EchoSD5',''),(57,'Elgin SD 23','ElginSD23',''),(58,'Elkton SD 34','ElktonSD34',''),(59,'Enterprise SD 21','EnterpriseSD21',''),(60,'Estacada SD 108','EstacadaSD108',''),(61,'Eugene SD 4J','EugeneSD4J',''),(62,'Falls City SD 57','FallsCitySD57',''),(63,'Fern Ridge SD 28J','FernRidgeSD28J',''),(64,'Forest Grove SD 15','ForestGroveSD15',''),(65,'Fossil SD 21J','FossilSD21J',''),(66,'Frenchglen SD 16','FrenchglenSD16',''),(67,'Gaston SD 511J','GastonSD511J',''),(68,'Gervais SD 1','GervaisSD1',''),(69,'Gladstone SD 115','GladstoneSD115',''),(70,'Glendale SD 77','GlendaleSD77',''),(71,'Glide SD 12','GlideSD12',''),(72,'Grants Pass SD 7','GrantsPassSD7',''),(73,'Greater Albany Public SD 8J','GreaterAlbanyPublicSD8J',''),(74,'Gresham-Barlow SD 10J','Gresham-BarlowSD10J',''),(75,'Harney County SD 3','HarneyCountySD3',''),(76,'Harney County SD 4','HarneyCountySD4',''),(77,'Harney County Union High SD 1J','HarneyCountyUnionHighSD1J',''),(78,'Harper SD 66','HarperSD66',''),(79,'Harrisburg SD 7J','HarrisburgSD7J',''),(80,'Helix SD 1','HelixSD1',''),(81,'Hermiston SD 8','HermistonSD8',''),(82,'Hillsboro SD 1J','HillsboroSD1J',''),(83,'Hood River County SD','HoodRiverCountySD',''),(84,'Huntington SD 16J','HuntingtonSD16J',''),(85,'Imbler SD 11','ImblerSD11',''),(86,'Ione SD R2','IoneSDR2',''),(87,'Jefferson County SD 509J','JeffersonCountySD509J',''),(88,'Jefferson SD 14J','JeffersonSD14J',''),(89,'Jewell SD 8','JewellSD8',''),(90,'John Day SD 3','JohnDaySD3',''),(91,'Jordan Valley SD 3','JordanValleySD3',''),(92,'Joseph SD 6','JosephSD6',''),(93,'Junction City SD 69','JunctionCitySD69',''),(94,'Juntura SD 12','JunturaSD12',''),(95,'Klamath County SD','KlamathCountySD',''),(96,'Klamath Falls City Schools','KlamathFallsCitySchools',''),(97,'Knappa SD 4','KnappaSD4',''),(98,'La Grande SD 1','LaGrandeSD1',''),(99,'Lake County SD 7','LakeCountySD7',''),(100,'Lake Oswego SD 7J','LakeOswegoSD7J',''),(101,'Lebanon Community SD 9','LebanonCommunitySD9',''),(102,'Lincoln County SD','LincolnCountySD',''),(103,'Long Creek SD 17','LongCreekSD17',''),(104,'Lowell SD 71','LowellSD71',''),(105,'Mapleton SD 32','MapletonSD32',''),(106,'Marcola SD 79J','MarcolaSD79J',''),(107,'McKenzie SD 68','McKenzieSD68',''),(108,'McMinnville SD 40','McMinnvilleSD40',''),(109,'Medford SD 549C','MedfordSD549C',''),(110,'Milton-Freewater Unified SD 7','Milton-FreewaterUnifiedSD7',''),(111,'Mitchell SD 55','MitchellSD55',''),(112,'Molalla River SD 35','MolallaRiverSD35',''),(113,'Monroe SD 1J','MonroeSD1J',''),(114,'Monument SD 8','MonumentSD8',''),(115,'Morrow SD 1','MorrowSD1',''),(116,'Mt Angel SD 91','MtAngelSD91',''),(117,'Myrtle Point SD 41','MyrtlePointSD41',''),(118,'Neah-Kah-Nie SD 56','Neah-Kah-NieSD56',''),(119,'Nestucca Valley SD 101J','NestuccaValleySD101J',''),(120,'Newberg SD 29J','NewbergSD29J',''),(121,'North Bend SD 13','NorthBendSD13',''),(122,'North Clackamas SD 12','NorthClackamasSD12',''),(123,'North Douglas SD 22','NorthDouglasSD22',''),(124,'North Lake SD 14','NorthLakeSD14',''),(125,'North Marion SD 15','NorthMarionSD15',''),(126,'North Powder SD 8J','NorthPowderSD8J',''),(127,'North Santiam SD 29J','NorthSantiamSD29J',''),(128,'North Wasco County SD 21','NorthWascoCountySD21',''),(129,'Nyssa SD 26','NyssaSD26',''),(130,'Oakland SD 1','OaklandSD1',''),(131,'Oakridge SD 76','OakridgeSD76',''),(132,'ODE YCEP District','ODEYCEPDistrict',''),(133,'ODE EII','ODEEII',''),(134,'Ontario SD 8C','OntarioSD8C',''),(135,'Oregon City SD 62','OregonCitySD62',''),(136,'Oregon Department of Education','OregonDepartmentofEducation',''),(137,'Oregon Trail SD 46','OregonTrailSD46',''),(138,'Paisley SD 11','PaisleySD11',''),(139,'Parkrose SD 3','ParkroseSD3',''),(140,'Pendleton SD 16','PendletonSD16',''),(141,'Perrydale SD 21','PerrydaleSD21',''),(142,'Philomath SD 17J','PhilomathSD17J',''),(143,'Phoenix-Talent SD 4','Phoenix-TalentSD4',''),(144,'Pilot Rock SD 2','PilotRockSD2',''),(145,'Pine Creek SD 5','PineCreekSD5',''),(146,'Pine Eagle SD 61','PineEagleSD61',''),(147,'Pinehurst SD 94','PinehurstSD94',''),(148,'Pleasant Hill SD 1','PleasantHillSD1',''),(149,'Plush SD 18','PlushSD18',''),(150,'Port Orford-Langlois SD 2CJ','PortOrford-LangloisSD2CJ',''),(151,'Portland SD 1J','PortlandSD1J',''),(152,'Powers SD 31','PowersSD31',''),(153,'Prairie City SD 4','PrairieCitySD4',''),(154,'Prospect SD 59','ProspectSD59',''),(155,'Rainier SD 13','RainierSD13',''),(156,'Redmond SD 2J','RedmondSD2J',''),(157,'Reedsport SD 105','ReedsportSD105',''),(158,'Reynolds SD 7','ReynoldsSD7',''),(159,'Riddle SD 70','RiddleSD70',''),(160,'Riverdale SD 51J','RiverdaleSD51J',''),(161,'Rogue River SD 35','RogueRiverSD35',''),(162,'Salem-Keizer SD 24J','Salem-KeizerSD24J',''),(163,'Santiam Canyon SD 129J','SantiamCanyonSD129J',''),(164,'Scappoose SD 1J','ScappooseSD1J',''),(165,'Scio SD 95','ScioSD95',''),(166,'Seaside SD 10','SeasideSD10',''),(167,'Sheridan SD 48J','SheridanSD48J',''),(168,'Sherman County SD','ShermanCountySD',''),(169,'Sherwood SD 88J','SherwoodSD88J',''),(170,'Silver Falls SD 4J','SilverFallsSD4J',''),(171,'Sisters SD 6','SistersSD6',''),(172,'Siuslaw SD 97J','SiuslawSD97J',''),(173,'South Harney SD 33','SouthHarneySD33',''),(174,'South Lane SD 45J3','SouthLaneSD45J3',''),(175,'South Umpqua SD 19','SouthUmpquaSD19',''),(176,'South Wasco County SD 1','SouthWascoCountySD1',''),(177,'Spray SD 1','SpraySD1',''),(178,'Springfield SD 19','SpringfieldSD19',''),(179,'St Helens SD 502','StHelensSD502',''),(180,'St Paul SD 45','StPaulSD45',''),(181,'Stanfield SD 61','StanfieldSD61',''),(182,'Suntex SD 10','SuntexSD10',''),(183,'Sutherlin SD 130','SutherlinSD130',''),(184,'Sweet Home SD 55','SweetHomeSD55',''),(185,'Three Rivers/Josephine County SD','ThreeRivers/JosephineCountySD',''),(186,'Tigard-Tualatin SD 23J','Tigard-TualatinSD23J',''),(187,'Tillamook SD 9','TillamookSD9',''),(188,'Troy SD 54','TroySD54',''),(189,'Ukiah SD 80R','UkiahSD80R',''),(190,'Umatilla SD 6R','UmatillaSD6R',''),(191,'Union SD 5','UnionSD5',''),(192,'Vale SD 84','ValeSD84',''),(193,'Vernonia SD 47J','VernoniaSD47J',''),(194,'Wallowa SD 12','WallowaSD12',''),(195,'Warrenton-Hammond SD 30','Warrenton-HammondSD30',''),(196,'West Linn-Wilsonville SD 3J','WestLinn-WilsonvilleSD3J',''),(197,'Willamina SD 30J','WillaminaSD30J',''),(198,'Winston-Dillard SD 116','Winston-DillardSD116',''),(199,'Woodburn SD 103','WoodburnSD103',''),(200,'Yamhill-Carlton SD 1','Yamhill-CarltonSD1',''),(201,'Yoncalla SD 32','YoncallaSD32',''),(202,'Marylhurst','Marylhurst',''),(203,'Roseburg','Roseburg',''),(204,'John Day','JohnDay',''),(205,'Burns','Burns',''),(206,'Redmond','Redmond',''),(207,'Eugene','Eugene',''),(208,'Albany','Albany',''),(209,'Vale','Vale',''),(210,'Portland','Portland',''),(211,'Condon','Condon',''),(212,'Hillsboro','Hillsboro',''),(213,'The Dalles','TheDalles',''),(214,'Enterprise','Enterprise',''),(215,'Coos Bay (north) & Gold Beach (south)','CoosBay(north)&GoldBeach(south)',''),(216,'Medford','Medford',''),(217,'Pendleton','Pendleton',''),(218,'La Grande','LaGrande',''),(219,'Salem','Salem',''),(220,'ORVSD','ORVSD','');
/*!40000 ALTER TABLE `districts` ENABLE KEYS */;
UNLOCK TABLES;

--
-- Table structure for table `schools`
--

DROP TABLE IF EXISTS `schools`;
/*!40101 SET @saved_cs_client     = @@character_set_client */;
/*!40101 SET character_set_client = utf8 */;
CREATE TABLE `schools` (
  `id` int(11) NOT NULL AUTO_INCREMENT,
  `district_id` int(11) DEFAULT NULL,
  `name` varchar(255) DEFAULT NULL,
  `shortname` varchar(255) DEFAULT NULL,
  `domain` varchar(255) DEFAULT NULL,
  `license` varchar(255) DEFAULT NULL,
  PRIMARY KEY (`id`),
  KEY `disctrict_id` (`district_id`),
  CONSTRAINT `fk_school_to_district_id` FOREIGN KEY (`district_id`) REFERENCES `districts` (`id`)
) ENGINE=InnoDB AUTO_INCREMENT=1291 DEFAULT CHARSET=utf8;
/*!40101 SET character_set_client = @saved_cs_client */;

--
-- Dumping data for table `schools`
--

LOCK TABLES `schools` WRITE;
/*!40000 ALTER TABLE `schools` DISABLE KEYS */;
INSERT INTO `schools` VALUES (1,2,'Adel Elementary School','AdelElementarySchool','adelelem.adel.orvsd.org',''),(2,3,'Adrian Elementary School','AdrianElementarySchool','adrianelem.adriansd.orvsd.org',''),(3,3,'Adrian High School','AdrianHighSchool','adrianhigh.adriansd.orvsd.org',''),(4,4,'Alsea Elementary School','AlseaElementarySchool','alseaelem.alsea.orvsd.org',''),(5,4,'Alsea High School','AlseaHighSchool','alseahigh.alsea.orvsd.org',''),(6,5,'Amity Elementary School','AmityElementarySchool','amityelem.amity.orvsd.org',''),(7,5,'Amity High School','AmityHighSchool','lamp',''),(8,5,'Amity Middle School','AmityMiddleSchool','amitymiddle.amity.orvsd.org',''),(9,6,'Annex Elementary School','AnnexElementarySchool','annexelem.malesd.orvsd.org',''),(10,7,'Arlington Elementary School','ArlingtonElementarySchool','arlingtonelem.arlington.orvsd.org',''),(11,7,'Arlington High School','ArlingtonHighSchool','arlingtonhigh.arlington.orvsd.org',''),(12,8,'W W Jones Elementary School','WWJonesElementarySchool','wwjoneselem.malesd.orvsd.org',''),(13,9,'Ashland High School','AshlandHighSchool','ashland.orvsd.org',''),(14,9,'Ashland Middle School','AshlandMiddleSchool','ashlandmiddle.ashland.orvsd.org',''),(15,9,'Bellview Elementary School','BellviewElementarySchool','bellviewelem.ashland.orvsd.org',''),(16,9,'Helman Elementary School','HelmanElementarySchool','helmanelem.ashland.orvsd.org',''),(17,9,'John Muir Elementary School','JohnMuirElementarySchool','johnmuirelem.ashland.orvsd.org',''),(18,9,'Walker Elementary School','WalkerElementarySchool','walkerelem.ashland.orvsd.org',''),(19,10,'Ashwood Elementary School','AshwoodElementarySchool','ashwoodelem.ashwood.orvsd.org',''),(20,11,'Astor Elementary School','AstorElementarySchool','astorelem.astoria.orvsd.org',''),(21,11,'Astoria Middle School','AstoriaMiddleSchool','astoriamiddle.astoria.orvsd.org',''),(22,11,'Astoria Senior High School','AstoriaSeniorHighSchool','astoriaseniorhigh.astoria.orvsd.org',''),(23,11,'Gray Elementary School','GrayElementarySchool','grayelem.astoria.orvsd.org',''),(24,11,'Lewis and Clark Elementary School','LewisandClarkElementarySchool','lewisclarkelem.astoria.orvsd.org',''),(25,12,'Athena Elementary School','AthenaElementarySchool','athenaelem.athwest.orvsd.org',''),(26,12,'Weston  Middle School','WestonMiddleSchool','westonmiddle.athwest.orvsd.org',''),(27,12,'Weston-McEwen High School','Weston-McEwenHighSchool','weston-mcewenhigh.athwest.orvsd.org',''),(28,13,'Baker High School','BakerHighSchool','bakerhigh.baker.orvsd.org',''),(29,13,'Baker Middle School','BakerMiddleSchool','bakermiddle.baker.orvsd.org',''),(30,13,'Brooklyn Elementary School','BrooklynElementarySchool','brooklynelem.baker.orvsd.org',''),(31,13,'Haines Elementary School','HainesElementarySchool','haineselem.baker.orvsd.org',''),(32,13,'Keating Elementary School','KeatingElementarySchool','keatingelem.baker.orvsd.org',''),(33,13,'North Baker Elementary School','NorthBakerElementarySchool','northbakerelem.baker.orvsd.org',''),(34,13,'South Baker Elementary School','SouthBakerElementarySchool','southbakerelem.baker.orvsd.org',''),(35,14,'Ballston Community School','BallstonCommunitySchool','ballstoncommunity.ballston.orvsd.org',''),(36,15,'Bandon Senior High School','BandonSeniorHighSchool','bandonseniorhigh.bandon.orvsd.org',''),(37,15,'Harbor Lights Middle School','HarborLightsMiddleSchool','harborlightsmiddle.bandon.orvsd.org',''),(38,15,'Ocean Crest Elementary School','OceanCrestElementarySchool','oceancrestelem.bandon.orvsd.org',''),(39,16,'Banks Elementary School','BanksElementarySchool','bankselem.banks.orvsd.org',''),(40,16,'Banks High School','BanksHighSchool','bankshigh.banks.orvsd.org',''),(41,16,'Banks Junior High School','BanksJuniorHighSchool','banksjuniorhigh.banks.orvsd.org',''),(42,17,'Aloha High School','AlohaHighSchool','aloha.orvsd.org',''),(43,17,'Aloha-Huber Park School','Aloha-HuberParkSchool','aloha-huberpark.beaverton.orvsd.org',''),(44,17,'Arts and Communication High School','ArtsandCommunicationHighSchool','artscommunicationhigh.beaverton.orvsd.org',''),(45,17,'Arts and Communication Middle Magnet School','ArtsandCommunicationMiddleMagnetSchool','artscommunicationmiddlemagnet.beaverton.orvsd.org',''),(46,17,'Barnes Elementary School','BarnesElementarySchool','barneselem.beaverton.orvsd.org',''),(47,17,'Beaver Acres Elementary School','BeaverAcresElementarySchool','beaveracreselem.beaverton.orvsd.org',''),(48,17,'Beaverton High School','BeavertonHighSchool','beavertonhigh.beaverton.orvsd.org',''),(49,17,'Bethany Elementary School','BethanyElementarySchool','bethanyelem.beaverton.orvsd.org',''),(50,17,'Cedar Mill Elementary School','CedarMillElementarySchool','cedarmillelem.beaverton.orvsd.org',''),(51,17,'Cedar Park Middle School','CedarParkMiddleSchool','cedarparkmiddle.beaverton.orvsd.org',''),(52,17,'Chehalem Elementary School','ChehalemElementarySchool','chehalemelem.beaverton.orvsd.org',''),(53,17,'Community School','CommunitySchool','community.beaverton.orvsd.org',''),(54,17,'Conestoga Middle School','ConestogaMiddleSchool','conestogamiddle.beaverton.orvsd.org',''),(55,17,'Cooper Mountain Elementary School','CooperMountainElementarySchool','coopermountainelem.beaverton.orvsd.org',''),(56,17,'Elmonica Elementary School','ElmonicaElementarySchool','elmonicaelem.beaverton.orvsd.org',''),(57,17,'Errol Hassell Elementary School','ErrolHassellElementarySchool','errolhassellelem.beaverton.orvsd.org',''),(58,17,'Findley Elementary','FindleyElementary','findleyelem.beaverton.orvsd.org',''),(59,17,'Fir Grove Elementary School','FirGroveElementarySchool','firgroveelem.beaverton.orvsd.org',''),(60,17,'Five Oaks Middle School','FiveOaksMiddleSchool','fiveoaksmiddle.beaverton.orvsd.org',''),(61,17,'Greenway Elementary School','GreenwayElementarySchool','greenwayelem.beaverton.orvsd.org',''),(62,17,'Hazeldale Elementary School','HazeldaleElementarySchool','hazeldaleelem.beaverton.orvsd.org',''),(63,17,'Highland Park Middle School','HighlandParkMiddleSchool','highlandparkmiddle.beaverton.orvsd.org',''),(64,17,'Hiteon Elementary School','HiteonElementarySchool','hiteonelem.beaverton.orvsd.org',''),(65,17,'International School of Beaverton--High','InternationalSchoolofBeaverton--High','internationalofbeaverton--high.beaverton.orvsd.org',''),(66,17,'International School of Beaverton--Middle','InternationalSchoolofBeaverton--Middle','internationalofbeaverton--middle.beaverton.orvsd.org',''),(67,17,'Jacob Wismer Elementary School','JacobWismerElementarySchool','jacobwismerelem.beaverton.orvsd.org',''),(68,17,'Kinnaman Elementary School','KinnamanElementarySchool','kinnamanelem.beaverton.orvsd.org',''),(69,17,'McKay Elementary School','McKayElementarySchool','mckayelem.beaverton.orvsd.org',''),(70,17,'McKinley Elementary School','McKinleyElementarySchool','mckinleyelem.beaverton.orvsd.org',''),(71,17,'Meadow Park Middle School','MeadowParkMiddleSchool','meadowparkmiddle.beaverton.orvsd.org',''),(72,17,'Merlo Station Night School','MerloStationNightSchool','merlostationnight.beaverton.orvsd.org',''),(73,17,'Montclair Elementary School','MontclairElementarySchool','montclairelem.beaverton.orvsd.org',''),(74,17,'Mountain View Middle School','MountainViewMiddleSchool','mountainviewmiddle.beaverton.orvsd.org',''),(75,17,'Nancy Ryles Elementary School','NancyRylesElementarySchool','nancyryleselem.beaverton.orvsd.org',''),(76,17,'Oak Hills Elementary School','OakHillsElementarySchool','oakhillselem.beaverton.orvsd.org',''),(77,17,'Raleigh Hills Elementary School','RaleighHillsElementarySchool','raleighhillselem.beaverton.orvsd.org',''),(78,17,'Raleigh Park Elementary School','RaleighParkElementarySchool','raleighparkelem.beaverton.orvsd.org',''),(79,17,'Ridgewood Elementary School','RidgewoodElementarySchool','ridgewoodelem.beaverton.orvsd.org',''),(80,17,'Rock Creek Elementary School','RockCreekElementarySchool','rockcreekelem.beaverton.orvsd.org',''),(81,17,'Scholls Heights Elementary School','SchollsHeightsElementarySchool','schollsheightselem.beaverton.orvsd.org',''),(82,17,'School of Science and Technology','SchoolofScienceandTechnology','scitech.beaverton.orvsd.org',''),(83,17,'Sexton Mountain Elementary School','SextonMountainElementarySchool','sextonmountainelem.beaverton.orvsd.org',''),(84,17,'Southridge High School','SouthridgeHighSchool','southridgehigh.beaverton.orvsd.org',''),(85,17,'Stoller Middle School','StollerMiddleSchool','stollermiddle.beaverton.orvsd.org',''),(86,17,'Sunset High School','SunsetHighSchool','sunsethigh.beaverton.orvsd.org',''),(87,17,'Terra Linda Elementary School','TerraLindaElementarySchool','terralindaelem.beaverton.orvsd.org',''),(88,17,'Vose Elementary School','VoseElementarySchool','voseelem.beaverton.orvsd.org',''),(89,17,'West Tualatin View Elementary School','WestTualatinViewElementarySchool','westtualatinviewelem.beaverton.orvsd.org',''),(90,17,'Westview High School','WestviewHighSchool','westviewhigh.beaverton.orvsd.org',''),(91,17,'Whitford Middle School','WhitfordMiddleSchool','whitfordmiddle.beaverton.orvsd.org',''),(92,17,'William Walker Elementary School','WilliamWalkerElementarySchool','williamwalkerelem.beaverton.orvsd.org',''),(93,18,'Amity Creek Elementary School','AmityCreekElementarySchool','amitycreekelem.bend.orvsd.org',''),(94,18,'Bear Creek Elementary School','BearCreekElementarySchool','bearcreekelem.bend.orvsd.org',''),(95,18,'Bend Senior High School','BendSeniorHighSchool','bendseniorhigh.bend.orvsd.org',''),(96,18,'Buckingham Elementary School','BuckinghamElementarySchool','buckinghamelem.bend.orvsd.org',''),(97,18,'Cascade Middle School','CascadeMiddleSchool','cascademiddle.bend.orvsd.org',''),(98,18,'Elk Meadow Elementary School','ElkMeadowElementarySchool','elkmeadowelem.bend.orvsd.org',''),(99,18,'Ensworth Elementary School','EnsworthElementarySchool','ensworthelem.bend.orvsd.org',''),(100,18,'High Desert Middle School','HighDesertMiddleSchool','highdesertmiddle.bend.orvsd.org',''),(101,18,'High Lakes Elementary School','HighLakesElementarySchool','highlakeselem.bend.orvsd.org',''),(102,18,'Highland School At Kenwood','HighlandSchoolAtKenwood','highland(atkenwood.bend.orvsd.org',''),(103,18,'Juniper Elementary School','JuniperElementarySchool','juniperelem.bend.orvsd.org',''),(104,18,'LaPine Elementary School','LaPineElementarySchool','lapineelem.bend.orvsd.org',''),(105,18,'LaPine Middle School','LaPineMiddleSchool','lapinemiddle.bend.orvsd.org',''),(106,18,'LaPine Senior High School','LaPineSeniorHighSchool','lapineseniorhigh.bend.orvsd.org',''),(107,18,'Lava Ridge Elementary School','LavaRidgeElementarySchool','lavaridgeelem.bend.orvsd.org',''),(108,18,'Marshall High School','MarshallHighSchool','marshallhigh.bend.orvsd.org',''),(109,18,'Mountain View Senior High School','MountainViewSeniorHighSchool','mountainviewseniorhigh.bend.orvsd.org',''),(110,18,'Oregon Virtual School','OregonVirtualSchool','oregonvirtual.bend.orvsd.org',''),(111,18,'Oregon Youth Challenge High','OregonYouthChallengeHigh','oregonyouthchallengehigh.bend.orvsd.org',''),(112,18,'Pilot Butte Middle School','PilotButteMiddleSchool','pilotbuttemiddle.bend.orvsd.org',''),(113,18,'Pine Ridge Elem','PineRidgeElem','pineridgeelem.bend.orvsd.org',''),(114,18,'R E Jewell Elementary School','REJewellElementarySchool','rejewellelem.bend.orvsd.org',''),(115,18,'REALMS Middle School','REALMSMiddleSchool','realmsmiddle.bend.orvsd.org',''),(116,18,'Sky View Middle School','SkyViewMiddleSchool','skyviewmiddle.bend.orvsd.org',''),(117,18,'Summit High School','SummitHighSchool','summithigh.bend.orvsd.org',''),(118,18,'Three Rivers Elementary School','ThreeRiversElementarySchool','threeriverselem.bend.orvsd.org',''),(119,18,'WESTSIDE VILLAGE MAGNET SCHOOL','WESTSIDEVILLAGEMAGNETSCHOOL','westsidevillagemagnetschool.bend.orvsd.org',''),(120,19,'Cascade Middle School','CascadeMiddleSchool','cascademiddle.bethel.orvsd.org',''),(121,19,'Clear Lake Elementary School','ClearLakeElementarySchool','clearlakeelem.bethel.orvsd.org',''),(122,19,'Danebo Elementary School','DaneboElementarySchool','daneboelem.bethel.orvsd.org',''),(123,19,'Fairfield Elementary School','FairfieldElementarySchool','fairfieldelem.bethel.orvsd.org',''),(124,19,'Irving Elementary School','IrvingElementarySchool','irvingelem.bethel.orvsd.org',''),(125,19,'Kalapuya High School','KalapuyaHighSchool','kalapuyahigh.bethel.orvsd.org',''),(126,19,'Malabon Elementary School','MalabonElementarySchool','malabonelem.bethel.orvsd.org',''),(127,19,'Meadow View School','MeadowViewSchool','meadowview.bethel.orvsd.org',''),(128,19,'Prairie Mountain School','PrairieMountainSchool','prairiemountain.bethel.orvsd.org',''),(129,19,'Shasta Middle School','ShastaMiddleSchool','shastamiddle.bethel.orvsd.org',''),(130,19,'Willamette High School','WillametteHighSchool','willamettehigh.bethel.orvsd.org',''),(131,20,'Triangle Lake School','TriangleLakeSchool','trianglelake.blachly.orvsd.org',''),(132,21,'Black Butte Elementary School','BlackButteElementarySchool','blackbutteelem.bbsd.orvsd.org',''),(133,22,'Azalea Middle School','AzaleaMiddleSchool','azaleamiddle.brookings.orvsd.org',''),(134,22,'Brookings-Harbor High School','Brookings-HarborHighSchool','brookings-harborhigh.brookings.orvsd.org',''),(135,22,'Kalmiopsis Elementary School','KalmiopsisElementarySchool','kalmiopsiselem.brookings.orvsd.org',''),(136,22,'Upper Chetco Charter School','UpperChetcoCharterSchool','upperchetcocharter.brookings.orvsd.org',''),(137,23,'Burnt River School','BurntRiverSchool','burntriver.brsd.orvsd.org',''),(138,24,'Butte Falls Elementary School','ButteFallsElementarySchool','buttefallselem.buttefalls.orvsd.org',''),(139,24,'Butte Falls Secondary','ButteFallsSecondary','buttefallssecondary.buttefalls.orvsd.org',''),(140,25,'Camas Valley School','CamasValleySchool','camasvalley.camasvalley.orvsd.org',''),(141,26,'Ackerman Middle School','AckermanMiddleSchool','ackermanmiddle.canby.orvsd.org',''),(142,26,'Baker Prairie Middle School','BakerPrairieMiddleSchool','bakerprairiemiddle.canby.orvsd.org',''),(143,26,'Canby High School','CanbyHighSchool','canbyhigh.canby.orvsd.org',''),(144,26,'Carus School','CarusSchool','carus.canby.orvsd.org',''),(145,26,'Cecile Trost Elementary School','CecileTrostElementarySchool','ceciletrostelem.canby.orvsd.org',''),(146,26,'Howard Eccles Elementary School','HowardEcclesElementarySchool','howardeccleselem.canby.orvsd.org',''),(147,26,'Ninety-One School','Ninety-OneSchool','ninety-one.canby.orvsd.org',''),(148,26,'Philander Lee Elementary School','PhilanderLeeElementarySchool','philanderleeelem.canby.orvsd.org',''),(149,26,'William Knight Elementary School','WilliamKnightElementarySchool','williamknightelem.canby.orvsd.org',''),(150,27,'Aumsville Elementary School','AumsvilleElementarySchool','aumsvilleelem.cascade.orvsd.org',''),(151,27,'Cascade Junior High School','CascadeJuniorHighSchool','cascadejuniorhigh.cascade.orvsd.org',''),(152,27,'Cascade Senior High School','CascadeSeniorHighSchool','cascadeseniorhigh.cascade.orvsd.org',''),(153,27,'Cloverdale Elementary School','CloverdaleElementarySchool','cloverdaleelem.cascade.orvsd.org',''),(154,27,'Marion Elementary School','MarionElementarySchool','marionelem.cascade.orvsd.org',''),(155,27,'Turner Elementary School','TurnerElementarySchool','turnerelem.cascade.orvsd.org',''),(156,28,'Butler Creek Elementary School','ButlerCreekElementarySchool','butlercreekelem.centennial.orvsd.org',''),(157,28,'Centennial High School','CentennialHighSchool','centennialhigh.centennial.orvsd.org',''),(158,28,'Centennial Learning Center','CentennialLearningCenter','centenniallearningcenter.centennial.orvsd.org',''),(159,28,'Centennial Middle School','CentennialMiddleSchool','centennialmiddle.centennial.orvsd.org',''),(160,28,'Harold Oliver Intermediate Center','HaroldOliverIntermediateCenter','haroldoliverintermediatecenter.centennial.orvsd.org',''),(161,28,'Harold Oliver Primary School Center','HaroldOliverPrimarySchoolCenter','haroldoliverprimarycenter.centennial.orvsd.org',''),(162,28,'Lynch Meadows Elementary School','LynchMeadowsElementarySchool','lynchmeadowselem.centennial.orvsd.org',''),(163,28,'Lynch View Elementary School','LynchViewElementarySchool','lynchviewelem.centennial.orvsd.org',''),(164,28,'Lynch Wood Elementary School','LynchWoodElementarySchool','lynchwoodelem.centennial.orvsd.org',''),(165,28,'Pleasant Valley Elementary School','PleasantValleyElementarySchool','pleasantvalleyelem.centennial.orvsd.org',''),(166,29,'Agness Elementary School','AgnessElementarySchool','agnesselem.ccsd.orvsd.org',''),(167,29,'Gold Beach High School','GoldBeachHighSchool','goldbeachhigh.ccsd.orvsd.org',''),(168,29,'Riley Creek Elementary School','RileyCreekElementarySchool','rileycreekelem.ccsd.orvsd.org',''),(169,30,'Central Linn Elementary School','CentralLinnElementarySchool','centrallinnelem.centrallinn.orvsd.org',''),(170,30,'Central Linn High School','CentralLinnHighSchool','centrallinnhigh.centrallinn.orvsd.org',''),(171,31,'Central Point Elementary School','CentralPointElementarySchool','centralpointelem.cpsd.orvsd.org',''),(172,31,'Crater High School','CraterHighSchool','craterhigh.cpsd.orvsd.org',''),(173,31,'Hanby Middle School','HanbyMiddleSchool','hanbymiddle.cpsd.orvsd.org',''),(174,31,'Jewett Elementary School','JewettElementarySchool','jewettelem.cpsd.orvsd.org',''),(175,31,'Patrick Elementary School','PatrickElementarySchool','patrickelem.cpsd.orvsd.org',''),(176,31,'Richardson Elementary School','RichardsonElementarySchool','richardsonelem.cpsd.orvsd.org',''),(177,31,'Sams Valley Elementary School','SamsValleyElementarySchool','samsvalleyelem.cpsd.orvsd.org',''),(178,31,'Scenic Middle School','ScenicMiddleSchool','scenicmiddle.cpsd.orvsd.org',''),(179,32,'Ash Creek Intermediate School','AshCreekIntermediateSchool','ashcreekintermediate.central.orvsd.org',''),(180,32,'Central High School','CentralHighSchool','centralhigh.central.orvsd.org',''),(181,32,'Henry Hill Elementary School','HenryHillElementarySchool','henryhillelem.central.orvsd.org',''),(182,32,'Independence Elementary School','IndependenceElementarySchool','independenceelem.central.orvsd.org',''),(183,32,'Monmouth Elementary School','MonmouthElementarySchool','monmouthelem.central.orvsd.org',''),(184,32,'Talmadge Middle School','TalmadgeMiddleSchool','talmadgemiddle.central.orvsd.org',''),(185,33,'Clatskanie Elementary School','ClatskanieElementarySchool','clatskanieelem.clat6j.orvsd.org',''),(186,33,'Clatskanie Middle/High School','ClatskanieMiddle/HighSchool','clatskaniemiddle/high.clat6j.orvsd.org',''),(187,34,'Colton Elementary School','ColtonElementarySchool','coltonelem.colton.orvsd.org',''),(188,34,'Colton High School','ColtonHighSchool','coltonhigh.colton.orvsd.org',''),(189,34,'Colton Middle School','ColtonMiddleSchool','coltonmiddle.colton.orvsd.org',''),(190,35,'Condon Elementary School','CondonElementarySchool','condonelem.condon.orvsd.org',''),(191,35,'Condon High School','CondonHighSchool','condonhigh.condon.orvsd.org',''),(192,36,'Blossom Gulch Elementary School','BlossomGulchElementarySchool','blossomgulchelem.coos-bay.orvsd.org',''),(193,36,'Bunker Hill Elementary School','BunkerHillElementarySchool','bunkerhillelem.coos-bay.orvsd.org',''),(194,36,'Destinations Academy','DestinationsAcademy','destinationsacademy.coos-bay.orvsd.org',''),(195,36,'Madison Elementary School','MadisonElementarySchool','madisonelem.coos-bay.orvsd.org',''),(196,36,'Marshfield Senior High School','MarshfieldSeniorHighSchool','marshfieldseniorhigh.coos-bay.orvsd.org',''),(197,36,'Millicoma Intermediate School','MillicomaIntermediateSchool','millicomaintermediate.coos-bay.orvsd.org',''),(198,36,'Resource Link Charter School','ResourceLinkCharterSchool','resourcelinkcharter.coos-bay.orvsd.org',''),(199,36,'Sunset Middle School','SunsetMiddleSchool','sunsetmiddle.coos-bay.orvsd.org',''),(200,37,'Coquille High School','CoquilleHighSchool','coquillehigh.coquille.orvsd.org',''),(201,37,'Coquille Valley Intermediate School','CoquilleValleyIntermediateSchool','coquillevalleyintermediate.coquille.orvsd.org',''),(202,37,'Coquille Valley Middle School','CoquilleValleyMiddleSchool','coquillevalleymiddle.coquille.orvsd.org',''),(203,37,'Lincoln Elementary School','LincolnElementarySchool','lincolnelem.coquille.orvsd.org',''),(204,38,'Corbett Grade School','CorbettGradeSchool','corbettgrade.corbett.orvsd.org',''),(205,38,'Corbett High School','CorbettHighSchool','corbetthigh.corbett.orvsd.org',''),(206,38,'Corbett Middle School','CorbettMiddleSchool','corbettmiddle.corbett.orvsd.org',''),(207,39,'Adams Elementary School','AdamsElementarySchool','adamselem.csd509j.orvsd.org',''),(208,39,'Cheldelin Middle School','CheldelinMiddleSchool','cheldelinmiddle.csd509j.orvsd.org',''),(209,39,'Corvallis High School','CorvallisHighSchool','corvallishigh.csd509j.orvsd.org',''),(210,39,'Crescent Valley High School','CrescentValleyHighSchool','crescentvalleyhigh.csd509j.orvsd.org',''),(211,39,'Franklin School','FranklinSchool','franklin.csd509j.orvsd.org',''),(212,39,'Garfield Elementary School','GarfieldElementarySchool','garfieldelem.csd509j.orvsd.org',''),(213,39,'Hoover Elementary School','HooverElementarySchool','hooverelem.csd509j.orvsd.org',''),(214,39,'Jefferson Elementary School','JeffersonElementarySchool','jeffersonelem.csd509j.orvsd.org',''),(215,39,'Lincoln Elementary School','LincolnElementarySchool','lincolnelem.csd509j.orvsd.org',''),(216,39,'Linus Pauling Middle School','LinusPaulingMiddleSchool','linuspaulingmiddle.csd509j.orvsd.org',''),(217,39,'Mt View Elementary School','MtViewElementarySchool','mtviewelem.csd509j.orvsd.org',''),(218,39,'Wilson Elementary School','WilsonElementarySchool','wilsonelem.csd509j.orvsd.org',''),(219,40,'Cove School','CoveSchool','cove.cove.orvsd.org',''),(220,41,'Creslane Elementary School','CreslaneElementarySchool','creslaneelem.creswell.orvsd.org',''),(221,41,'Creswell High School','CreswellHighSchool','creswellhigh.creswell.orvsd.org',''),(222,41,'Creswell Middle School','CreswellMiddleSchool','creswellmiddle.creswell.orvsd.org',''),(223,42,'Cecil Sly Elementary School','CecilSlyElementarySchool','cecilslyelem.crook.orvsd.org',''),(224,42,'Crook County High School','CrookCountyHighSchool','crookcountyhigh.crook.orvsd.org',''),(225,42,'Crook County Middle School','CrookCountyMiddleSchool','crookcountymiddle.crook.orvsd.org',''),(226,42,'Crooked River Elementary School','CrookedRiverElementarySchool','crookedriverelem.crook.orvsd.org',''),(227,42,'Ochoco Elementary School','OchocoElementarySchool','ochocoelem.crook.orvsd.org',''),(228,42,'Paulina Elementary School','PaulinaElementarySchool','paulinaelem.crook.orvsd.org',''),(229,42,'Pioneer Secondary Alternative High','PioneerSecondaryAlternativeHigh','pioneersecondaryalternativehigh.crook.orvsd.org',''),(230,42,'Powell Butte Elementary School','PowellButteElementarySchool','powellbutteelem.crook.orvsd.org',''),(231,43,'Applegate Elementary School','ApplegateElementarySchool','applegateelem.cal.orvsd.org',''),(232,43,'Crow Middle/High School','CrowMiddle/HighSchool','crowmiddle/high.cal.orvsd.org',''),(233,43,'Lorane Elementary School','LoraneElementarySchool','loraneelem.cal.orvsd.org',''),(234,44,'Culver Elementary School','CulverElementarySchool','culverelem.culver.orvsd.org',''),(235,44,'Culver High School','CulverHighSchool','culverhigh.culver.orvsd.org',''),(236,44,'Culver Middle School','CulverMiddleSchool','culvermiddle.culver.orvsd.org',''),(237,45,'Dallas High School','DallasHighSchool','dallashigh.dallas.orvsd.org',''),(238,45,'LaCreole Middle School','LaCreoleMiddleSchool','lacreolemiddle.dallas.orvsd.org',''),(239,45,'Luckiamute Valley Charter School','LuckiamuteValleyCharterSchool','luckiamutevalleycharter.dallas.orvsd.org',''),(240,45,'Lyle Elementary School','LyleElementarySchool','lyleelem.dallas.orvsd.org',''),(241,45,'Oakdale Heights Elementary School','OakdaleHeightsElementarySchool','oakdaleheightselem.dallas.orvsd.org',''),(242,45,'Whitworth Elementary School','WhitworthElementarySchool','whitworthelem.dallas.orvsd.org',''),(243,46,'Alice Ott Middle School','AliceOttMiddleSchool','aliceottmiddle.ddouglas.orvsd.org',''),(244,46,'Arthur Academy','ArthurAcademy','arthuracademy.ddouglas.orvsd.org',''),(245,46,'Cherry Park Elementary School','CherryParkElementarySchool','cherryparkelem.ddouglas.orvsd.org',''),(246,46,'David Douglas High School','DavidDouglasHighSchool','daviddouglashigh.ddouglas.orvsd.org',''),(247,46,'Earl Boyles Elementary','EarlBoylesElementary','earlboyleselem.ddouglas.orvsd.org',''),(248,46,'Floyd Light Middle School','FloydLightMiddleSchool','floydlightmiddle.ddouglas.orvsd.org',''),(249,46,'Gilbert Heights Elementary School','GilbertHeightsElementarySchool','gilbertheightselem.ddouglas.orvsd.org',''),(250,46,'Gilbert Park Elementary School','GilbertParkElementarySchool','gilbertparkelem.ddouglas.orvsd.org',''),(251,46,'Lincoln Park Elementary School','LincolnParkElementarySchool','lincolnparkelem.ddouglas.orvsd.org',''),(252,46,'Menlo Park Elementary School','MenloParkElementarySchool','menloparkelem.ddouglas.orvsd.org',''),(253,46,'Mill Park Elementary School','MillParkElementarySchool','millparkelem.ddouglas.orvsd.org',''),(254,46,'Ron Russell Middle School','RonRussellMiddleSchool','ronrussellmiddle.ddouglas.orvsd.org',''),(255,46,'Ventura Park Elementary School','VenturaParkElementarySchool','venturaparkelem.ddouglas.orvsd.org',''),(256,46,'West Powellhurst Elementary School','WestPowellhurstElementarySchool','westpowellhurstelem.ddouglas.orvsd.org',''),(257,47,'Dayton Grade School','DaytonGradeSchool','daytongrade.dayton.orvsd.org',''),(258,47,'Dayton High School','DaytonHighSchool','daytonhigh.dayton.orvsd.org',''),(259,47,'Dayton Jr High School','DaytonJrHighSchool','daytonjrhigh.dayton.orvsd.org',''),(260,48,'Dayville School','DayvilleSchool','dayville.grantesd.orvsd.org',''),(261,49,'Diamond Elementary School','DiamondElementarySchool','diamondelem.diamond.orvsd.org',''),(262,50,'Double O Elementary School','DoubleOElementarySchool','doubleoelem.doubleo.orvsd.org',''),(263,51,'Days Creek Charter School','DaysCreekCharterSchool','dayscreekcharter.douglas.orvsd.org',''),(264,51,'Tiller Elementary School','TillerElementarySchool','tillerelem.douglas.orvsd.org',''),(265,52,'Eastwood Elementary School','EastwoodElementarySchool','eastwoodelem.douglas.orvsd.org',''),(266,52,'Fir Grove Elementary School','FirGroveElementarySchool','firgroveelem.douglas.orvsd.org',''),(267,52,'Fullerton IV Elementary School','FullertonIVElementarySchool','fullertonivelem.douglas.orvsd.org',''),(268,52,'Green Elementary School','GreenElementarySchool','greenelem.douglas.orvsd.org',''),(269,52,'Hucrest Elementary School','HucrestElementarySchool','hucrestelem.douglas.orvsd.org',''),(270,52,'John C Fremont Middle School','JohnCFremontMiddleSchool','johncfremontmiddle.douglas.orvsd.org',''),(271,52,'Joseph Lane Middle School','JosephLaneMiddleSchool','josephlanemiddle.douglas.orvsd.org',''),(272,52,'Melrose Elementary School','MelroseElementarySchool','melroseelem.douglas.orvsd.org',''),(273,52,'Phoenix School','PhoenixSchool','phoenix.douglas.orvsd.org',''),(274,52,'Rose Elementary School','RoseElementarySchool','roseelem.douglas.orvsd.org',''),(275,52,'Roseburg High School','RoseburgHighSchool','roseburghigh.douglas.orvsd.org',''),(276,52,'Sunnyslope Elementary School','SunnyslopeElementarySchool','sunnyslopeelem.douglas.orvsd.org',''),(277,52,'Winchester Elementary','WinchesterElementary','winchesterelem.douglas.orvsd.org',''),(278,53,'Drewsey Elementary School','DrewseyElementarySchool','drewseyelem.drewsey.orvsd.org',''),(279,54,'Dufur School','DufurSchool','dufur.dufur.orvsd.org',''),(280,55,'Connections Alternative School','ConnectionsAlternativeSchool','connectionsalternative.eaglepnt.orvsd.org',''),(281,55,'Eagle Point High School','EaglePointHighSchool','eaglepointhigh.eaglepnt.orvsd.org',''),(282,55,'Eagle Point Middle School','EaglePointMiddleSchool','eaglepointmiddle.eaglepnt.orvsd.org',''),(283,55,'Eagle Rock Elementary School','EagleRockElementarySchool','eaglerockelem.eaglepnt.orvsd.org',''),(284,55,'Elk Trail Elementary School','ElkTrailElementarySchool','elktrailelem.eaglepnt.orvsd.org',''),(285,55,'Lake Creek Learning Center','LakeCreekLearningCenter','lakecreeklearningcenter.eaglepnt.orvsd.org',''),(286,55,'Little Butte School','LittleButteSchool','littlebutte.eaglepnt.orvsd.org',''),(287,55,'Mountain View Elementary','MountainViewElementary','mountainviewelem.eaglepnt.orvsd.org',''),(288,55,'Shady Cove School','ShadyCoveSchool','shadycove.eaglepnt.orvsd.org',''),(289,55,'White City Elementary School','WhiteCityElementarySchool','whitecityelem.eaglepnt.orvsd.org',''),(290,55,'White Mountain Middle School','WhiteMountainMiddleSchool','whitemountainmiddle.eaglepnt.orvsd.org',''),(291,56,'Echo School','EchoSchool','echo.echo.orvsd.org',''),(292,57,'Elgin High School','ElginHighSchool','elginhigh.elgin.orvsd.org',''),(293,57,'Stella Mayfield Elementary School','StellaMayfieldElementarySchool','stellamayfieldelem.elgin.orvsd.org',''),(294,58,'Elkton Elementary School','ElktonElementarySchool','elktonelem.elkton.orvsd.org',''),(295,58,'Elkton High School','ElktonHighSchool','elktonhigh.elkton.orvsd.org',''),(296,59,'Enterprise Elementary School','EnterpriseElementarySchool','enterpriseelem.enterprise.orvsd.org',''),(297,59,'Enterprise High School','EnterpriseHighSchool','enterprisehigh.enterprise.orvsd.org',''),(298,60,'Clackamas River Elementary School','ClackamasRiverElementarySchool','clackamasriverelem.estacada.orvsd.org',''),(299,60,'Eagle Creek Elementary School','EagleCreekElementarySchool','eaglecreekelem.estacada.orvsd.org',''),(300,60,'Estacada Alternative High School','EstacadaAlternativeHighSchool','estacadaalternativehigh.estacada.orvsd.org',''),(301,60,'Estacada High School','EstacadaHighSchool','estacadahigh.estacada.orvsd.org',''),(302,60,'Estacada Junior High School','EstacadaJuniorHighSchool','estacadajuniorhigh.estacada.orvsd.org',''),(303,60,'River Mill Elementary School','RiverMillElementarySchool','rivermillelem.estacada.orvsd.org',''),(304,61,'Adams Elementary School','AdamsElementarySchool','adamselem.4j.orvsd.org',''),(305,61,'Awbrey Park Elementary School','AwbreyParkElementarySchool','awbreyparkelem.4j.orvsd.org',''),(306,61,'Buena Vista Elementary School','BuenaVistaElementarySchool','buenavistaelem.4j.orvsd.org',''),(307,61,'Cal Young Middle School','CalYoungMiddleSchool','calyoungmiddle.4j.orvsd.org',''),(308,61,'Cesar Chavez Elementary School','CesarChavezElementarySchool','cesarchavezelem.4j.orvsd.org',''),(309,61,'Charlemagne at Fox Hollow Elementary','CharlemagneatFoxHollowElementary','charlemagneatfoxhollowelem.4j.orvsd.org',''),(310,61,'Churchill High School','ChurchillHighSchool','churchillhigh.4j.orvsd.org',''),(311,61,'Churchill Alternative High','ChurchillAlternativeHigh','churchillalternativehigh.4j.orvsd.org',''),(312,61,'Coburg Elementary School','CoburgElementarySchool','coburgelem.4j.orvsd.org',''),(313,61,'Corridor Elementary School','CorridorElementarySchool','corridorelem.4j.orvsd.org',''),(314,61,'Crest Drive Elementary School','CrestDriveElementarySchool','crestdriveelem.4j.orvsd.org',''),(315,61,'Eastside Elementary School','EastsideElementarySchool','eastsideelem.4j.orvsd.org',''),(316,61,'Edgewood Community Elementary School','EdgewoodCommunityElementarySchool','edgewoodcommunityelem.4j.orvsd.org',''),(317,61,'Edison Elementary School','EdisonElementarySchool','edisonelem.4j.orvsd.org',''),(318,61,'Family School','FamilySchool','family.4j.orvsd.org',''),(319,61,'Gilham Elementary School','GilhamElementarySchool','gilhamelem.4j.orvsd.org',''),(320,61,'Harris Elementary School','HarrisElementarySchool','harriselem.4j.orvsd.org',''),(321,61,'Hillside Elementary School','HillsideElementarySchool','hillsideelem.4j.orvsd.org',''),(322,61,'Holt Elementary School','HoltElementarySchool','holtelem.4j.orvsd.org',''),(323,61,'Howard Elementary School','HowardElementarySchool','howardelem.4j.orvsd.org',''),(324,61,'Jefferson Middle School','JeffersonMiddleSchool','jeffersonmiddle.4j.orvsd.org',''),(325,61,'Kelly Middle School','KellyMiddleSchool','kellymiddle.4j.orvsd.org',''),(326,61,'Kennedy Middle School','KennedyMiddleSchool','kennedymiddle.4j.orvsd.org',''),(327,61,'Madison Middle School','MadisonMiddleSchool','madisonmiddle.4j.orvsd.org',''),(328,61,'Magnet Arts Elementary School','MagnetArtsElementarySchool','magnetartselem.4j.orvsd.org',''),(329,61,'McCornack Elementary School','McCornackElementarySchool','mccornackelem.4j.orvsd.org',''),(330,61,'Meadowlark Elementary School','MeadowlarkElementarySchool','meadowlarkelem.4j.orvsd.org',''),(331,61,'Monroe Middle School','MonroeMiddleSchool','monroemiddle.4j.orvsd.org',''),(332,61,'Network Charter School','NetworkCharterSchool','networkcharter.4j.orvsd.org',''),(333,61,'North Eugene High School','NorthEugeneHighSchool','northeugenehigh.4j.orvsd.org',''),(334,61,'North Eugene Alternative High School','NorthEugeneAlternativeHighSchool','northeugenealternativehigh.4j.orvsd.org',''),(335,61,'Opportunity Center','OpportunityCenter','opportunitycenter.4j.orvsd.org',''),(336,61,'Parker Elementary School','ParkerElementarySchool','parkerelem.4j.orvsd.org',''),(337,61,'Ridgeline Montessori','RidgelineMontessori','ridgelinemontessori.4j.orvsd.org',''),(338,61,'River Road El Camino del Rio Elementary','RiverRoadElCaminodelRioElementary','riverroadelcaminodelrioelem.4j.orvsd.org',''),(339,61,'Roosevelt Middle School','RooseveltMiddleSchool','rooseveltmiddle.4j.orvsd.org',''),(340,61,'Sheldon High School','SheldonHighSchool','sheldonhigh.4j.orvsd.org',''),(341,61,'South Eugene High School','SouthEugeneHighSchool','southeugenehigh.4j.orvsd.org',''),(342,61,'Spencer Butte Middle School','SpencerButteMiddleSchool','spencerbuttemiddle.4j.orvsd.org',''),(343,61,'Spring Creek Elementary School','SpringCreekElementarySchool','springcreekelem.4j.orvsd.org',''),(344,61,'Twin Oaks Elementary School','TwinOaksElementarySchool','twinoakselem.4j.orvsd.org',''),(345,61,'Village School','VillageSchool','village.4j.orvsd.org',''),(346,61,'Willagillespie Elementary School','WillagillespieElementarySchool','willagillespieelem.4j.orvsd.org',''),(347,61,'Yujin Gakuen Elementary School','YujinGakuenElementarySchool','yujingakuenelem.4j.orvsd.org',''),(348,62,'Falls City Elementary School','FallsCityElementarySchool','fallscityelem.fallscity.orvsd.org',''),(349,62,'Falls City High School','FallsCityHighSchool','fallscityhigh.fallscity.orvsd.org',''),(350,63,'Elmira Elementary School','ElmiraElementarySchool','elmiraelem.fernridge.orvsd.org',''),(351,63,'Elmira High School','ElmiraHighSchool','elmirahigh.fernridge.orvsd.org',''),(352,63,'Fern Ridge Middle School','FernRidgeMiddleSchool','fernridgemiddle.fernridge.orvsd.org',''),(353,63,'Veneta Elementary School','VenetaElementarySchool','venetaelem.fernridge.orvsd.org',''),(354,63,'West Lane Tech Learning Center','WestLaneTechLearningCenter','westlanetechlearningcenter.fernridge.orvsd.org',''),(355,63,'Willamette Leadership Academy','WillametteLeadershipAcademy','willametteleadershipacademy.fernridge.orvsd.org',''),(356,64,'Cornelius Elementary School','CorneliusElementarySchool','corneliuselem.fgsd.orvsd.org',''),(357,64,'Dilley Elementary School','DilleyElementarySchool','dilleyelem.fgsd.orvsd.org',''),(358,64,'Echo Shaw Elementary School','EchoShawElementarySchool','echoshawelem.fgsd.orvsd.org',''),(359,64,'Fern Hill Elementary School','FernHillElementarySchool','fernhillelem.fgsd.orvsd.org',''),(360,64,'Forest Grove High School','ForestGroveHighSchool','forestgrovehigh.fgsd.orvsd.org',''),(361,64,'Gales Creek Elementary School','GalesCreekElementarySchool','galescreekelem.fgsd.orvsd.org',''),(362,64,'Harvey Clarke Elementary School','HarveyClarkeElementarySchool','harveyclarkeelem.fgsd.orvsd.org',''),(363,64,'Joseph Gale Elementary School','JosephGaleElementarySchool','josephgaleelem.fgsd.orvsd.org',''),(364,64,'Neil Armstrong Middle School','NeilArmstrongMiddleSchool','neilarmstrongmiddle.fgsd.orvsd.org',''),(365,64,'Tom McCall Upper Elementary','TomMcCallUpperElementary','tommccallupperelem.fgsd.orvsd.org',''),(366,65,'Fossil Elementary School','FossilElementarySchool','fossilelem.fossil.orvsd.org',''),(367,65,'Wheeler High School','WheelerHighSchool','wheelerhigh.fossil.orvsd.org',''),(368,66,'Frenchglen Elementary School','FrenchglenElementarySchool','frenchglenelem.frenchglen.orvsd.org',''),(369,67,'Gaston Elementary School','GastonElementarySchool','gastonelem.gaston.orvsd.org',''),(370,67,'Gaston Jr/Sr High School','GastonJr/SrHighSchool','gastonjr/srhigh.gaston.orvsd.org',''),(371,68,'Brooks Elementary School','BrooksElementarySchool','brookselem.gervais.orvsd.org',''),(372,68,'Douglas Avenue Alternative School','DouglasAvenueAlternativeSchool','douglasavenuealternative.gervais.orvsd.org',''),(373,68,'Eldriedge Elementary School','EldriedgeElementarySchool','eldriedgeelem.gervais.orvsd.org',''),(374,68,'Gervais High School','GervaisHighSchool','gervaishigh.gervais.orvsd.org',''),(375,68,'Gervais Middle School','GervaisMiddleSchool','gervaismiddle.gervais.orvsd.org',''),(376,69,'Gladstone High School','GladstoneHighSchool','gladstonehigh.gladstone.orvsd.org',''),(377,69,'John Wetten Elementary School','JohnWettenElementarySchool','johnwettenelem.gladstone.orvsd.org',''),(378,69,'Walter L Kraxberger Middle School','WalterLKraxbergerMiddleSchool','walterlkraxbergermiddle.gladstone.orvsd.org',''),(379,70,'Glendale Elementary School','GlendaleElementarySchool','glendaleelem.glendale.orvsd.org',''),(380,70,'Glendale High School','GlendaleHighSchool','glendalehigh.glendale.orvsd.org',''),(381,71,'Glide Elementary School','GlideElementarySchool','glideelem.glide.orvsd.org',''),(382,71,'Glide High School','GlideHighSchool','glidehigh.glide.orvsd.org',''),(383,71,'Glide Middle School','GlideMiddleSchool','glidemiddle.glide.orvsd.org',''),(384,71,'Toketee Falls Elementary School','ToketeeFallsElementarySchool','toketeefallselem.glide.orvsd.org',''),(385,72,'Allen Dale Elementary School','AllenDaleElementarySchool','allendaleelem.grantspass.orvsd.org',''),(386,72,'Grants Pass High School','GrantsPassHighSchool','grantspasshigh.grantspass.orvsd.org',''),(387,72,'Highland Elementary School','HighlandElementarySchool','highlandelem.grantspass.orvsd.org',''),(388,72,'Lincoln Elementary School','LincolnElementarySchool','lincolnelem.grantspass.orvsd.org',''),(389,72,'North Middle School','NorthMiddleSchool','northmiddle.grantspass.orvsd.org',''),(390,72,'Parkside Elementary','ParksideElementary','parksideelem.grantspass.orvsd.org',''),(391,72,'Redwood Elementary School','RedwoodElementarySchool','redwoodelem.grantspass.orvsd.org',''),(392,72,'Riverside Elementary School','RiversideElementarySchool','riversideelem.grantspass.orvsd.org',''),(393,72,'South Middle School','SouthMiddleSchool','southmiddle.grantspass.orvsd.org',''),(394,73,'Albany Options School','AlbanyOptionsSchool','albanyoptions.albany.orvsd.org',''),(395,73,'Calapooia Middle School','CalapooiaMiddleSchool','calapooiamiddle.albany.orvsd.org',''),(396,73,'Central Elementary School','CentralElementarySchool','centralelem.albany.orvsd.org',''),(397,73,'Clover Ridge Elementary School','CloverRidgeElementarySchool','cloverridgeelem.albany.orvsd.org',''),(398,73,'Fir Grove Primary School','FirGrovePrimarySchool','firgroveprimary.albany.orvsd.org',''),(399,73,'Lafayette Elementary School','LafayetteElementarySchool','lafayetteelem.albany.orvsd.org',''),(400,73,'Liberty Elementary School','LibertyElementarySchool','libertyelem.albany.orvsd.org',''),(401,73,'Memorial Middle School','MemorialMiddleSchool','memorialmiddle.albany.orvsd.org',''),(402,73,'North Albany Elementary School','NorthAlbanyElementarySchool','northalbanyelem.albany.orvsd.org',''),(403,73,'North Albany Middle School','NorthAlbanyMiddleSchool','northalbanymiddle.albany.orvsd.org',''),(404,73,'Oak Elementary School','OakElementarySchool','oakelem.albany.orvsd.org',''),(405,73,'Oak Grove Intermediate','OakGroveIntermediate','oakgroveintermediate.albany.orvsd.org',''),(406,73,'Periwinkle Elementary School','PeriwinkleElementarySchool','periwinkleelem.albany.orvsd.org',''),(407,73,'South Albany High School','SouthAlbanyHighSchool','southalbanyhigh.albany.orvsd.org',''),(408,73,'South Shore Elementary School','SouthShoreElementarySchool','southshoreelem.albany.orvsd.org',''),(409,73,'Sunrise Elementary School','SunriseElementarySchool','sunriseelem.albany.orvsd.org',''),(410,73,'Takena Elementary School','TakenaElementarySchool','takenaelem.albany.orvsd.org',''),(411,73,'Tangent Elementary School','TangentElementarySchool','tangentelem.albany.orvsd.org',''),(412,73,'Waverly Elementary School','WaverlyElementarySchool','waverlyelem.albany.orvsd.org',''),(413,73,'West Albany High School','WestAlbanyHighSchool','westalbanyhigh.albany.orvsd.org',''),(414,74,'Clear Creek Middle School','ClearCreekMiddleSchool','clearcreekmiddle.gresham.orvsd.org',''),(415,74,'Damascus Middle School','DamascusMiddleSchool','damascusmiddle.gresham.orvsd.org',''),(416,74,'Deep Creek Elementary School','DeepCreekElementarySchool','deepcreekelem.gresham.orvsd.org',''),(417,74,'Dexter McCarty Middle School','DexterMcCartyMiddleSchool','dextermccartymiddle.gresham.orvsd.org',''),(418,74,'East Gresham Elementary School','EastGreshamElementarySchool','eastgreshamelem.gresham.orvsd.org',''),(419,74,'East Orient Elementary School','EastOrientElementarySchool','eastorientelem.gresham.orvsd.org',''),(420,74,'Gordon Russell Middle School','GordonRussellMiddleSchool','gordonrussellmiddle.gresham.orvsd.org',''),(421,74,'Gresham High School','GreshamHighSchool','greshamhigh.gresham.orvsd.org',''),(422,74,'Hall Elementary School','HallElementarySchool','hallelem.gresham.orvsd.org',''),(423,74,'Highland Elementary School','HighlandElementarySchool','highlandelem.gresham.orvsd.org',''),(424,74,'Hogan Cedars Elementary School','HoganCedarsElementarySchool','hogancedarselem.gresham.orvsd.org',''),(425,74,'Hollydale Elementary School','HollydaleElementarySchool','hollydaleelem.gresham.orvsd.org',''),(426,74,'Kelly Creek Elementary School','KellyCreekElementarySchool','kellycreekelem.gresham.orvsd.org',''),(427,74,'North Gresham Elementary School','NorthGreshamElementarySchool','northgreshamelem.gresham.orvsd.org',''),(428,74,'Powell Valley Elementary School','PowellValleyElementarySchool','powellvalleyelem.gresham.orvsd.org',''),(429,74,'Sam Barlow High School','SamBarlowHighSchool','sambarlowhigh.gresham.orvsd.org',''),(430,74,'Springwater Trail High School','SpringwaterTrailHighSchool','springwatertrailhigh.gresham.orvsd.org',''),(431,74,'West Gresham Elementary School','WestGreshamElementarySchool','westgreshamelem.gresham.orvsd.org',''),(432,74,'West Orient Middle School','WestOrientMiddleSchool','westorientmiddle.gresham.orvsd.org',''),(433,75,'BHS Alternative Education','BHSAlternativeEducation','bhsalternativeeducation.burnsschools.orvsd.org',''),(434,75,'Burns High School','BurnsHighSchool','burnshigh.burnsschools.orvsd.org',''),(435,75,'Henry L Slater Elementary School','HenryLSlaterElementarySchool','henrylslaterelem.burnsschools.orvsd.org',''),(436,75,'Hines Middle School','HinesMiddleSchool','hinesmiddle.burnsschools.orvsd.org',''),(437,76,'Crane Elementary School','CraneElementarySchool','craneelem.burnsschools.orvsd.org',''),(438,77,'Crane Union High School','CraneUnionHighSchool','craneunionhigh.crane.orvsd.org',''),(439,78,'Harper School','HarperSchool','harper.malesd.orvsd.org',''),(440,79,'Harrisburg Elementary School','HarrisburgElementarySchool','harrisburgelem.harrisburg.orvsd.org',''),(441,79,'Harrisburg High School','HarrisburgHighSchool','harrisburghigh.harrisburg.orvsd.org',''),(442,79,'Harrisburg Middle School','HarrisburgMiddleSchool','harrisburgmiddle.harrisburg.orvsd.org',''),(443,80,'Helix School','HelixSchool','helix.helix.orvsd.org',''),(444,81,'Armand Larive Middle School','ArmandLariveMiddleSchool','armandlarivemiddle.hermiston.orvsd.org',''),(445,81,'Desert View Elementary School','DesertViewElementarySchool','desertviewelem.hermiston.orvsd.org',''),(446,81,'Hermiston High School','HermistonHighSchool','hermistonhigh.hermiston.orvsd.org',''),(447,81,'Highland Hills Elementary School','HighlandHillsElementarySchool','highlandhillselem.hermiston.orvsd.org',''),(448,81,'Rocky Heights Elementary School','RockyHeightsElementarySchool','rockyheightselem.hermiston.orvsd.org',''),(449,81,'Sandstone Middle School','SandstoneMiddleSchool','sandstonemiddle.hermiston.orvsd.org',''),(450,81,'Sunset Elementary School','SunsetElementarySchool','sunsetelem.hermiston.orvsd.org',''),(451,81,'West County Alternative School','WestCountyAlternativeSchool','westcountyalternative.hermiston.orvsd.org',''),(452,81,'West Park Elementary School','WestParkElementarySchool','westparkelem.hermiston.orvsd.org',''),(453,82,'Brookwood Elementary School','BrookwoodElementarySchool','brookwoodelem.hsd.orvsd.org',''),(454,82,'Butternut Creek Elementary School','ButternutCreekElementarySchool','butternutcreekelem.hsd.orvsd.org',''),(455,82,'Century High School','CenturyHighSchool','centuryhigh.hsd.orvsd.org',''),(456,82,'City View Charter School','CityViewCharterSchool','cityviewcharter.hsd.orvsd.org',''),(457,82,'David Hill Elementary School','DavidHillElementarySchool','davidhillelem.hsd.orvsd.org',''),(458,82,'Eastwood Elementary School','EastwoodElementarySchool','eastwoodelem.hsd.orvsd.org',''),(459,82,'Evergreen Jr High School','EvergreenJrHighSchool','evergreenjrhigh.hsd.orvsd.org',''),(460,82,'Farmington View Elementary School','FarmingtonViewElementarySchool','farmingtonviewelem.hsd.orvsd.org',''),(461,82,'Glencoe High School','GlencoeHighSchool','glencoehigh.hsd.orvsd.org',''),(462,82,'Groner Elementary School','GronerElementarySchool','gronerelem.hsd.orvsd.org',''),(463,82,'Hillsboro High School','HillsboroHighSchool','hillsborohigh.hsd.orvsd.org',''),(464,82,'Imlay Elementary School','ImlayElementarySchool','imlayelem.hsd.orvsd.org',''),(465,82,'Indian Hills Elementary School','IndianHillsElementarySchool','indianhillselem.hsd.orvsd.org',''),(466,82,'J B Thomas Middle School','JBThomasMiddleSchool','jbthomasmiddle.hsd.orvsd.org',''),(467,82,'J W Poynter Middle School','JWPoynterMiddleSchool','jwpoyntermiddle.hsd.orvsd.org',''),(468,82,'Jackson Elementary School','JacksonElementarySchool','jacksonelem.hsd.orvsd.org',''),(469,82,'Ladd Acres Elementary School','LaddAcresElementarySchool','laddacreselem.hsd.orvsd.org',''),(470,82,'Lenox Elementary School','LenoxElementarySchool','lenoxelem.hsd.orvsd.org',''),(471,82,'Liberty High School','LibertyHighSchool','libertyhigh.hsd.orvsd.org',''),(472,82,'Minter Bridge Elementary School','MinterBridgeElementarySchool','minterbridgeelem.hsd.orvsd.org',''),(473,82,'Mooberry Elementary School','MooberryElementarySchool','mooberryelem.hsd.orvsd.org',''),(474,82,'North Plains Elementary School','NorthPlainsElementarySchool','northplainselem.hsd.orvsd.org',''),(475,82,'Orenco Elementary School','OrencoElementarySchool','orencoelem.hsd.orvsd.org',''),(476,82,'Paul L Patterson Elementary School','PaulLPattersonElementarySchool','paullpattersonelem.hsd.orvsd.org',''),(477,82,'Peter Boscow Elementary School','PeterBoscowElementarySchool','peterboscowelem.hsd.orvsd.org',''),(478,82,'R A Brown Middle School','RABrownMiddleSchool','rabrownmiddle.hsd.orvsd.org',''),(479,82,'Reedville Elementary School','ReedvilleElementarySchool','reedvilleelem.hsd.orvsd.org',''),(480,82,'Tobias Elementary School','TobiasElementarySchool','tobiaselem.hsd.orvsd.org',''),(481,82,'W L Henry Elementary School','WLHenryElementarySchool','wlhenryelem.hsd.orvsd.org',''),(482,82,'W Verne McKinney Elementary School','WVerneMcKinneyElementarySchool','wvernemckinneyelem.hsd.orvsd.org',''),(483,82,'West Union Elementary School','WestUnionElementarySchool','westunionelem.hsd.orvsd.org',''),(484,82,'Witch Hazel Elementary School','WitchHazelElementarySchool','witchhazelelem.hsd.orvsd.org',''),(485,83,'Cascade Locks School','CascadeLocksSchool','cascadelocks.hrsd.orvsd.org',''),(486,83,'Hood River Middle School','HoodRiverMiddleSchool','hoodrivermiddle.hrsd.orvsd.org',''),(487,83,'Hood River Valley High School','HoodRiverValleyHighSchool','hoodrivervalleyhigh.hrsd.orvsd.org',''),(488,83,'May Street Elementary School','MayStreetElementarySchool','maystreetelem.hrsd.orvsd.org',''),(489,83,'Mid Valley Elementary School','MidValleyElementarySchool','midvalleyelem.hrsd.orvsd.org',''),(490,83,'Parkdale Elementary School','ParkdaleElementarySchool','parkdaleelem.hrsd.orvsd.org',''),(491,83,'Pine Grove Elementary School','PineGroveElementarySchool','pinegroveelem.hrsd.orvsd.org',''),(492,83,'Westside Dual Language Immersion Charter School','WestsideDualLanguageImmersionCharterSchool','westsideduallanguageimmersioncharter.hrsd.orvsd.org',''),(493,83,'Westside Elementary School','WestsideElementarySchool','westsideelem.hrsd.orvsd.org',''),(494,83,'WyEast Middle School','WyEastMiddleSchool','wyeastmiddle.hrsd.orvsd.org',''),(495,84,'Huntington School','HuntingtonSchool','huntington.huntington.orvsd.org',''),(496,85,'Imbler Elementary School','ImblerElementarySchool','imblerelem.imbler.orvsd.org',''),(497,85,'Imbler High School','ImblerHighSchool','imblerhigh.imbler.orvsd.org',''),(498,86,'Ione Community School','IoneCommunitySchool','ionecommunity.ione.orvsd.org',''),(499,87,'Big Muddy Elementary','BigMuddyElementary','bigmuddyelem.jcsd.orvsd.org',''),(500,87,'Buff Elementary School','BuffElementarySchool','buffelem.jcsd.orvsd.org',''),(501,87,'Jefferson County Middle School','JeffersonCountyMiddleSchool','jeffersoncountymiddle.jcsd.orvsd.org',''),(502,87,'Madras Elementary School','MadrasElementarySchool','madraselem.jcsd.orvsd.org',''),(503,87,'Madras High School','MadrasHighSchool','madrashigh.jcsd.orvsd.org',''),(504,87,'Metolius Elementary School','MetoliusElementarySchool','metoliuselem.jcsd.orvsd.org',''),(505,87,'Warm Springs Elementary School','WarmSpringsElementarySchool','warmspringselem.jcsd.orvsd.org',''),(506,87,'Westside Elementary School','WestsideElementarySchool','westsideelem.jcsd.orvsd.org',''),(507,88,'Jefferson Elementary School','JeffersonElementarySchool','jeffersonelem.jefferson.orvsd.org',''),(508,88,'Jefferson High School','JeffersonHighSchool','jeffersonhigh.jefferson.orvsd.org',''),(509,88,'Jefferson Middle School','JeffersonMiddleSchool','jeffersonmiddle.jefferson.orvsd.org',''),(510,89,'Jewell School','JewellSchool','jewell.jewell.orvsd.org',''),(511,90,'Grant Union High School','GrantUnionHighSchool','grantunionhigh.grantesd.orvsd.org',''),(512,90,'Humbolt Elementary School','HumboltElementarySchool','humboltelem.grantesd.orvsd.org',''),(513,90,'Mount Vernon Middle School','MountVernonMiddleSchool','mountvernonmiddle.grantesd.orvsd.org',''),(514,90,'Seneca Elementary School','SenecaElementarySchool','senecaelem.grantesd.orvsd.org',''),(515,91,'Jordan Valley Elementary School','JordanValleyElementarySchool','jordanvalleyelem.malesd.orvsd.org',''),(516,91,'Jordan Valley High School','JordanValleyHighSchool','jordanvalleyhigh.malesd.orvsd.org',''),(517,91,'Rockville Elementary School','RockvilleElementarySchool','rockvilleelem.malesd.orvsd.org',''),(518,92,'Imnaha Elementary School','ImnahaElementarySchool','imnahaelem.joseph.orvsd.org',''),(519,92,'Joseph Elementary School','JosephElementarySchool','josephelem.joseph.orvsd.org',''),(520,92,'Joseph High School','JosephHighSchool','josephhigh.joseph.orvsd.org',''),(521,92,'Joseph Middle School','JosephMiddleSchool','josephmiddle.joseph.orvsd.org',''),(522,93,'Junction City High School','JunctionCityHighSchool','junctioncityhigh.junctioncity.orvsd.org',''),(523,93,'Laurel Elementary School','LaurelElementarySchool','laurelelem.junctioncity.orvsd.org',''),(524,93,'Oaklea Middle School','OakleaMiddleSchool','oakleamiddle.junctioncity.orvsd.org',''),(525,93,'Territorial Elementary School','TerritorialElementarySchool','territorialelem.junctioncity.orvsd.org',''),(526,94,'Juntura Elementary School','JunturaElementarySchool','junturaelem.malesd.orvsd.org',''),(527,95,'Altamont Elementary School','AltamontElementarySchool','altamontelem.kcsd.orvsd.org',''),(528,95,'Bonanza Elementary School','BonanzaElementarySchool','bonanzaelem.kcsd.orvsd.org',''),(529,95,'Bonanza Junior/Senior High School','BonanzaJunior/SeniorHighSchool','bonanzajunior/seniorhigh.kcsd.orvsd.org',''),(530,95,'Brixner Junior High School','BrixnerJuniorHighSchool','brixnerjuniorhigh.kcsd.orvsd.org',''),(531,95,'Chiloquin Elementary School','ChiloquinElementarySchool','chiloquinelem.kcsd.orvsd.org',''),(532,95,'Chiloquin High School','ChiloquinHighSchool','chiloquinhigh.kcsd.orvsd.org',''),(533,95,'Fairhaven Elementary School','FairhavenElementarySchool','fairhavenelem.kcsd.orvsd.org',''),(534,95,'Ferguson Elementary School','FergusonElementarySchool','fergusonelem.kcsd.orvsd.org',''),(535,95,'Gearhart Elementary School','GearhartElementarySchool','gearhartelem.kcsd.orvsd.org',''),(536,95,'Gilchrist Elementary School','GilchristElementarySchool','gilchristelem.kcsd.orvsd.org',''),(537,95,'Gilchrist Junior/Senior High School','GilchristJunior/SeniorHighSchool','gilchristjunior/seniorhigh.kcsd.orvsd.org',''),(538,95,'Henley Elementary School','HenleyElementarySchool','henleyelem.kcsd.orvsd.org',''),(539,95,'Henley High School','HenleyHighSchool','henleyhigh.kcsd.orvsd.org',''),(540,95,'Henley Middle School','HenleyMiddleSchool','henleymiddle.kcsd.orvsd.org',''),(541,95,'Keno Elementary School','KenoElementarySchool','kenoelem.kcsd.orvsd.org',''),(542,95,'Lost River High School','LostRiverHighSchool','lostriverhigh.kcsd.orvsd.org',''),(543,95,'Malin Elementary School','MalinElementarySchool','malinelem.kcsd.orvsd.org',''),(544,95,'Merrill Elementary School','MerrillElementarySchool','merrillelem.kcsd.orvsd.org',''),(545,95,'Peterson Elementary School','PetersonElementarySchool','petersonelem.kcsd.orvsd.org',''),(546,95,'Shasta Elementary School','ShastaElementarySchool','shastaelem.kcsd.orvsd.org',''),(547,95,'Stearns Elementary School','StearnsElementarySchool','stearnselem.kcsd.orvsd.org',''),(548,96,'Fairview Elementary School','FairviewElementarySchool','fairviewelem.kfalls.orvsd.org',''),(549,96,'Joseph Conger Elementary School','JosephCongerElementarySchool','josephcongerelem.kfalls.orvsd.org',''),(550,96,'Klamath Union High School','KlamathUnionHighSchool','klamathunionhigh.kfalls.orvsd.org',''),(551,96,'Mazama High School','MazamaHighSchool','mazamahigh.kfalls.orvsd.org',''),(552,96,'Mills Elementary School','MillsElementarySchool','millselem.kfalls.orvsd.org',''),(553,96,'Pelican Elementary School','PelicanElementarySchool','pelicanelem.kfalls.orvsd.org',''),(554,96,'Ponderosa Junior High School','PonderosaJuniorHighSchool','ponderosajuniorhigh.kfalls.orvsd.org',''),(555,96,'Roosevelt Elementary School','RooseveltElementarySchool','rooseveltelem.kfalls.orvsd.org',''),(556,97,'Hilda Lahti Elementary School','HildaLahtiElementarySchool','hildalahtielem.knappa.orvsd.org',''),(557,97,'Knappa High School','KnappaHighSchool','knappahigh.knappa.orvsd.org',''),(558,98,'Central Elementary School','CentralElementarySchool','centralelem.lagrande.orvsd.org',''),(559,98,'Greenwood Elementary School','GreenwoodElementarySchool','greenwoodelem.lagrande.orvsd.org',''),(560,98,'Island City Elementary School','IslandCityElementarySchool','islandcityelem.lagrande.orvsd.org',''),(561,98,'La Grande High School','LaGrandeHighSchool','lagrandehigh.lagrande.orvsd.org',''),(562,98,'La Grande Middle School','LaGrandeMiddleSchool','lagrandemiddle.lagrande.orvsd.org',''),(563,99,'Daly Middle School','DalyMiddleSchool','dalymiddle.lake.orvsd.org',''),(564,99,'Fremont/Hay Elementary School','Fremont/HayElementarySchool','fremont/hayelem.lake.orvsd.org',''),(565,99,'Lakeview Senior High School','LakeviewSeniorHighSchool','lakeviewseniorhigh.lake.orvsd.org',''),(566,99,'Union Elementary School','UnionElementarySchool','unionelem.lake.orvsd.org',''),(567,100,'Bryant Elementary School','BryantElementarySchool','bryantelem.loswego.orvsd.org',''),(568,100,'Forest Hills Elementary School','ForestHillsElementarySchool','foresthillselem.loswego.orvsd.org',''),(569,100,'Hallinan Elementary School','HallinanElementarySchool','hallinanelem.loswego.orvsd.org',''),(570,100,'Lake Grove Elementary School','LakeGroveElementarySchool','lakegroveelem.loswego.orvsd.org',''),(571,100,'Lake Oswego Junior High School','LakeOswegoJuniorHighSchool','lakeoswegojuniorhigh.loswego.orvsd.org',''),(572,100,'Lake Oswego Senior High School','LakeOswegoSeniorHighSchool','lakeoswegoseniorhigh.loswego.orvsd.org',''),(573,100,'Lakeridge High School','LakeridgeHighSchool','lakeridgehigh.loswego.orvsd.org',''),(574,100,'Oak Creek Elementary School','OakCreekElementarySchool','oakcreekelem.loswego.orvsd.org',''),(575,100,'Palisades Elementary School','PalisadesElementarySchool','palisadeselem.loswego.orvsd.org',''),(576,100,'River Grove Elementary School','RiverGroveElementarySchool','rivergroveelem.loswego.orvsd.org',''),(577,100,'Uplands Elementary School','UplandsElementarySchool','uplandselem.loswego.orvsd.org',''),(578,100,'Waluga Junior High School','WalugaJuniorHighSchool','walugajuniorhigh.loswego.orvsd.org',''),(579,100,'Westridge Elementary School','WestridgeElementarySchool','westridgeelem.loswego.orvsd.org',''),(580,101,'Cascades School','CascadesSchool','cascades.lebanon.orvsd.org',''),(581,101,'Green Acres School','GreenAcresSchool','greenacres.lebanon.orvsd.org',''),(582,101,'Hamilton Creek School','HamiltonCreekSchool','hamiltoncreek.lebanon.orvsd.org',''),(583,101,'Lacomb School','LacombSchool','lacomb.lebanon.orvsd.org',''),(584,101,'Lebanon High School','LebanonHighSchool','lebanonhigh.lebanon.orvsd.org',''),(585,101,'Pioneer School','PioneerSchool','pioneer.lebanon.orvsd.org',''),(586,101,'Riverview School','RiverviewSchool','riverview.lebanon.orvsd.org',''),(587,101,'Sand Ridge Charter School','SandRidgeCharterSchool','sandridgecharter.lebanon.orvsd.org',''),(588,101,'Seven Oak Middle School','SevenOakMiddleSchool','sevenoakmiddle.lebanon.orvsd.org',''),(589,102,'Crestview Heights School','CrestviewHeightsSchool','crestviewheights.lincoln.orvsd.org',''),(590,102,'Eddyville Charter School','EddyvilleCharterSchool','eddyvillecharter.lincoln.orvsd.org',''),(591,102,'Isaac Newton Magnet School','IsaacNewtonMagnetSchool','isaacnewtonmagnet.lincoln.orvsd.org',''),(592,102,'Lincoln City Career Tech High School','LincolnCityCareerTechHighSchool','lincolncitycareertechhigh.lincoln.orvsd.org',''),(593,102,'Newport High School','NewportHighSchool','newporthigh.lincoln.orvsd.org',''),(594,102,'Newport Middle School','NewportMiddleSchool','newportmiddle.lincoln.orvsd.org',''),(595,102,'Oceanlake Elementary School','OceanlakeElementarySchool','oceanlakeelem.lincoln.orvsd.org',''),(596,102,'Sam Case Elementary School','SamCaseElementarySchool','samcaseelem.lincoln.orvsd.org',''),(597,102,'Siletz Valley Early College Academy','SiletzValleyEarlyCollegeAcademy','siletzvalleyearlycollegeacademy.lincoln.orvsd.org',''),(598,102,'Siletz Valley School','SiletzValleySchool','siletzvalley.lincoln.orvsd.org',''),(599,102,'Taft Elementary School','TaftElementarySchool','taftelem.lincoln.orvsd.org',''),(600,102,'Taft High School','TaftHighSchool','tafthigh.lincoln.orvsd.org',''),(601,102,'Toledo Elementary School','ToledoElementarySchool','toledoelem.lincoln.orvsd.org',''),(602,102,'Toledo High School','ToledoHighSchool','toledohigh.lincoln.orvsd.org',''),(603,102,'Waldport High School','WaldportHighSchool','waldporthigh.lincoln.orvsd.org',''),(604,102,'Yaquina View Elementary School','YaquinaViewElementarySchool','yaquinaviewelem.lincoln.orvsd.org',''),(605,103,'Long Creek School','LongCreekSchool','longcreek.grantesd.orvsd.org',''),(606,104,'Lowell Junior/Senior High School','LowellJunior/SeniorHighSchool','lowelljunior/seniorhigh.lowell.orvsd.org',''),(607,104,'Lundy Elementary School','LundyElementarySchool','lundyelem.lowell.orvsd.org',''),(608,105,'Mapleton Elementary School','MapletonElementarySchool','mapletonelem.mapleton.orvsd.org',''),(609,105,'Mapleton Jr/Sr High School','MapletonJr/SrHighSchool','mapletonjr/srhigh.mapleton.orvsd.org',''),(610,106,'Marcola Elementary School','MarcolaElementarySchool','marcolaelem.marcola.orvsd.org',''),(611,106,'Mohawk High School','MohawkHighSchool','mohawkhigh.marcola.orvsd.org',''),(612,107,'McKenzie Elementary School','McKenzieElementarySchool','mckenzieelem.mckenzie.orvsd.org',''),(613,107,'McKenzie High School','McKenzieHighSchool','mckenziehigh.mckenzie.orvsd.org',''),(614,107,'McKenzie Middle School','McKenzieMiddleSchool','mckenziemiddle.mckenzie.orvsd.org',''),(615,108,'Columbus Elementary School','ColumbusElementarySchool','columbuselem.msd.orvsd.org',''),(616,108,'Cook Elementary School','CookElementarySchool','cookelem.msd.orvsd.org',''),(617,108,'Duniway Middle School','DuniwayMiddleSchool','duniwaymiddle.msd.orvsd.org',''),(618,108,'Grandhaven Elementary School','GrandhavenElementarySchool','grandhavenelem.msd.orvsd.org',''),(619,108,'McMinnville High School','McMinnvilleHighSchool','mcminnvillehigh.msd.orvsd.org',''),(620,108,'Memorial Elementary School','MemorialElementarySchool','memorialelem.msd.orvsd.org',''),(621,108,'Newby Elementary School','NewbyElementarySchool','newbyelem.msd.orvsd.org',''),(622,108,'Patton Middle School','PattonMiddleSchool','pattonmiddle.msd.orvsd.org',''),(623,108,'Wascher Elementary School','WascherElementarySchool','wascherelem.msd.orvsd.org',''),(624,109,'Abraham Lincoln Elementary','AbrahamLincolnElementary','abrahamlincolnelem.medford.orvsd.org',''),(625,109,'Griffin Creek Elementary School','GriffinCreekElementarySchool','griffincreekelem.medford.orvsd.org',''),(626,109,'Hedrick Middle School','HedrickMiddleSchool','hedrickmiddle.medford.orvsd.org',''),(627,109,'Hoover Elementary School','HooverElementarySchool','hooverelem.medford.orvsd.org',''),(628,109,'Howard Elementary School','HowardElementarySchool','howardelem.medford.orvsd.org',''),(629,109,'Jackson Elementary School','JacksonElementarySchool','jacksonelem.medford.orvsd.org',''),(630,109,'Jacksonville Elementary School','JacksonvilleElementarySchool','jacksonvilleelem.medford.orvsd.org',''),(631,109,'Jefferson Elementary School','JeffersonElementarySchool','jeffersonelem.medford.orvsd.org',''),(632,109,'Kennedy Elementary School','KennedyElementarySchool','kennedyelem.medford.orvsd.org',''),(633,109,'Lone Pine Elementary School','LonePineElementarySchool','lonepineelem.medford.orvsd.org',''),(634,109,'McLoughlin Middle School','McLoughlinMiddleSchool','mcloughlinmiddle.medford.orvsd.org',''),(635,109,'Medford Opportunity High School','MedfordOpportunityHighSchool','medfordopportunityhigh.medford.orvsd.org',''),(636,109,'North Medford High School','NorthMedfordHighSchool','northmedfordhigh.medford.orvsd.org',''),(637,109,'Oak Grove Elementary School','OakGroveElementarySchool','oakgroveelem.medford.orvsd.org',''),(638,109,'Roosevelt Elementary School','RooseveltElementarySchool','rooseveltelem.medford.orvsd.org',''),(639,109,'Ruch Elementary School','RuchElementarySchool','ruchelem.medford.orvsd.org',''),(640,109,'South Medford High School','SouthMedfordHighSchool','southmedfordhigh.medford.orvsd.org',''),(641,109,'Washington Elementary School','WashingtonElementarySchool','washingtonelem.medford.orvsd.org',''),(642,109,'Wilson Elementary School','WilsonElementarySchool','wilsonelem.medford.orvsd.org',''),(643,110,'Central Middle School','CentralMiddleSchool','centralmiddle.miltfree.orvsd.org',''),(644,110,'Ferndale Elementary School','FerndaleElementarySchool','ferndaleelem.miltfree.orvsd.org',''),(645,110,'Freewater Elementary School','FreewaterElementarySchool','freewaterelem.miltfree.orvsd.org',''),(646,110,'Grove Elementary School','GroveElementarySchool','groveelem.miltfree.orvsd.org',''),(647,110,'McLoughlin High School','McLoughlinHighSchool','mcloughlinhigh.miltfree.orvsd.org',''),(648,110,'Pleasant View School','PleasantViewSchool','pleasantview.miltfree.orvsd.org',''),(649,111,'Mitchell School','MitchellSchool','mitchell.mitchell.orvsd.org',''),(650,112,'Clarkes Elementary School','ClarkesElementarySchool','clarkeselem.molallariv.orvsd.org',''),(651,112,'Dickey Prairie Elementary School','DickeyPrairieElementarySchool','dickeyprairieelem.molallariv.orvsd.org',''),(652,112,'Maple Grove Elementary School','MapleGroveElementarySchool','maplegroveelem.molallariv.orvsd.org',''),(653,112,'Molalla Elementary School','MolallaElementarySchool','molallaelem.molallariv.orvsd.org',''),(654,112,'Molalla High School','MolallaHighSchool','molallahigh.molallariv.orvsd.org',''),(655,112,'Molalla River Middle School','MolallaRiverMiddleSchool','molallarivermiddle.molallariv.orvsd.org',''),(656,112,'Mulino Elementary School','MulinoElementarySchool','mulinoelem.molallariv.orvsd.org',''),(657,112,'Rural Dell Elementary School','RuralDellElementarySchool','ruraldellelem.molallariv.orvsd.org',''),(658,113,'Monroe Grade School','MonroeGradeSchool','monroegrade.monroe.orvsd.org',''),(659,113,'Monroe High School','MonroeHighSchool','monroehigh.monroe.orvsd.org',''),(660,114,'Monument School','MonumentSchool','monument.grantesd.orvsd.org',''),(661,115,'A C Houghton Elementary School','ACHoughtonElementarySchool','achoughtonelem.morrow.orvsd.org',''),(662,115,'Heppner Elementary School','HeppnerElementarySchool','heppnerelem.morrow.orvsd.org',''),(663,115,'Heppner Junior/Senior High School','HeppnerJunior/SeniorHighSchool','heppnerjunior/seniorhigh.morrow.orvsd.org',''),(664,115,'Irrigon Elementary School','IrrigonElementarySchool','irrigonelem.morrow.orvsd.org',''),(665,115,'Irrigon Junior/Senior High School','IrrigonJunior/SeniorHighSchool','irrigonjunior/seniorhigh.morrow.orvsd.org',''),(666,115,'Riverside Junior/Senior High School','RiversideJunior/SeniorHighSchool','riversidejunior/seniorhigh.morrow.orvsd.org',''),(667,115,'Sam Boardman Elementary School','SamBoardmanElementarySchool','samboardmanelem.morrow.orvsd.org',''),(668,115,'Windy River Elementary School','WindyRiverElementarySchool','windyriverelem.morrow.orvsd.org',''),(669,116,'John F Kennedy High School','JohnFKennedyHighSchool','johnfkennedyhigh.mtangel.orvsd.org',''),(670,116,'Mt Angel Middle School','MtAngelMiddleSchool','mtangelmiddle.mtangel.orvsd.org',''),(671,116,'St Marys Public School','StMarysPublicSchool','stmaryspublic.mtangel.orvsd.org',''),(672,117,'Myrtle Crest School','MyrtleCrestSchool','myrtlecrest.mpsd.orvsd.org',''),(673,117,'Myrtle Point High School','MyrtlePointHighSchool','myrtlepointhigh.mpsd.orvsd.org',''),(674,118,'Garibaldi Elementary School','GaribaldiElementarySchool','garibaldielem.neahkahnie.orvsd.org',''),(675,118,'Neah-Kah-Nie High School','Neah-Kah-NieHighSchool','neah-kah-niehigh.neahkahnie.orvsd.org',''),(676,118,'Neah-Kah-Nie Middle School','Neah-Kah-NieMiddleSchool','neah-kah-niemiddle.neahkahnie.orvsd.org',''),(677,118,'Nehalem Elementary School','NehalemElementarySchool','nehalemelem.neahkahnie.orvsd.org',''),(678,119,'Nestucca High School','NestuccaHighSchool','nestuccahigh.nestucca.orvsd.org',''),(679,119,'Nestucca Valley Elementary','NestuccaValleyElementary','nestuccavalleyelem.nestucca.orvsd.org',''),(680,119,'Nestucca Valley Middle School','NestuccaValleyMiddleSchool','nestuccavalleymiddle.nestucca.orvsd.org',''),(681,120,'Antonia Crater Elementary School','AntoniaCraterElementarySchool','antoniacraterelem.newberg.orvsd.org',''),(682,120,'Chehalem Valley Middle School','ChehalemValleyMiddleSchool','chehalemvalleymiddle.newberg.orvsd.org',''),(683,120,'Dundee Elementary School','DundeeElementarySchool','dundeeelem.newberg.orvsd.org',''),(684,120,'Edwards Elementary School','EdwardsElementarySchool','edwardselem.newberg.orvsd.org',''),(685,120,'Ewing Young Elementary School','EwingYoungElementarySchool','ewingyoungelem.newberg.orvsd.org',''),(686,120,'Joan Austin Elementary School','JoanAustinElementarySchool','joanaustinelem.newberg.orvsd.org',''),(687,120,'Mabel Rush Elementary School','MabelRushElementarySchool','mabelrushelem.newberg.orvsd.org',''),(688,120,'Mountain View Middle School','MountainViewMiddleSchool','mountainviewmiddle.newberg.orvsd.org',''),(689,120,'Newberg Senior High School','NewbergSeniorHighSchool','newbergseniorhigh.newberg.orvsd.org',''),(690,121,'Hillcrest Elementary School','HillcrestElementarySchool','hillcrestelem.nbend.orvsd.org',''),(691,121,'Lighthouse School','LighthouseSchool','lighthouse.nbend.orvsd.org',''),(692,121,'North Bay Elementary School','NorthBayElementarySchool','northbayelem.nbend.orvsd.org',''),(693,121,'North Bend Middle School','NorthBendMiddleSchool','northbendmiddle.nbend.orvsd.org',''),(694,121,'North Bend Senior High School','NorthBendSeniorHighSchool','northbendseniorhigh.nbend.orvsd.org',''),(695,121,'Oregon Coast Technology School','OregonCoastTechnologySchool','oregoncoasttechnology.nbend.orvsd.org',''),(696,122,'Alder Creek Middle School','AlderCreekMiddleSchool','aldercreekmiddle.nclack.orvsd.org',''),(697,122,'Ardenwald Elementary School','ArdenwaldElementarySchool','ardenwaldelem.nclack.orvsd.org',''),(698,122,'Bilquist Elementary School','BilquistElementarySchool','bilquistelem.nclack.orvsd.org',''),(699,122,'Campbell Elementary School','CampbellElementarySchool','campbellelem.nclack.orvsd.org',''),(700,122,'Cascade Heights Public Charter School','CascadeHeightsPublicCharterSchool','cascadeheightspubliccharter.nclack.orvsd.org',''),(701,122,'Clackamas Elementary School','ClackamasElementarySchool','clackamaselem.nclack.orvsd.org',''),(702,122,'Clackamas High School','ClackamasHighSchool','clackamashigh.nclack.orvsd.org',''),(703,122,'Clackamas Middle College','ClackamasMiddleCollege','clackamasmiddlecollege.nclack.orvsd.org',''),(704,122,'Clackamas Web Academy','ClackamasWebAcademy','clackamaswebacademy.nclack.orvsd.org',''),(705,122,'Concord Elementary School','ConcordElementarySchool','concordelem.nclack.orvsd.org',''),(706,122,'El Puente','ElPuente','elpuente.nclack.orvsd.org',''),(707,122,'Happy Valley Elementary School','HappyValleyElementarySchool','happyvalleyelem.nclack.orvsd.org',''),(708,122,'Lewelling Elementary School','LewellingElementarySchool','lewellingelem.nclack.orvsd.org',''),(709,122,'Linwood Elementary School','LinwoodElementarySchool','linwoodelem.nclack.orvsd.org',''),(710,122,'Milwaukie Academy of the Arts','MilwaukieAcademyoftheArts','milwaukieacademyofthearts.nclack.orvsd.org',''),(711,122,'Milwaukie Elementary School','MilwaukieElementarySchool','milwaukieelem.nclack.orvsd.org',''),(712,122,'Milwaukie High School','MilwaukieHighSchool','milwaukiehigh.nclack.orvsd.org',''),(713,122,'Mount Scott Elementary School','MountScottElementarySchool','mountscottelem.nclack.orvsd.org',''),(714,122,'New Urban High School','NewUrbanHighSchool','newurbanhigh.nclack.orvsd.org',''),(715,122,'Oak Grove Elementary','OakGroveElementary','oakgroveelem.nclack.orvsd.org',''),(716,122,'Oregon Trail Elementary School','OregonTrailElementarySchool','oregontrailelem.nclack.orvsd.org',''),(717,122,'Putnam High School','PutnamHighSchool','putnamhigh.nclack.orvsd.org',''),(718,122,'Riverside Elementary School','RiversideElementarySchool','riversideelem.nclack.orvsd.org',''),(719,122,'Rowe Middle School','RoweMiddleSchool','rowemiddle.nclack.orvsd.org',''),(720,122,'Sojourner School','SojournerSchool','sojourner.nclack.orvsd.org',''),(721,122,'Spring Mountain Elementary School','SpringMountainElementarySchool','springmountainelem.nclack.orvsd.org',''),(722,122,'Sunnyside Elementary School','SunnysideElementarySchool','sunnysideelem.nclack.orvsd.org',''),(723,122,'Sunrise Middle School','SunriseMiddleSchool','sunrisemiddle.nclack.orvsd.org',''),(724,122,'View Acres Elementary School','ViewAcresElementarySchool','viewacreselem.nclack.orvsd.org',''),(725,122,'Whitcomb Elementary School','WhitcombElementarySchool','whitcombelem.nclack.orvsd.org',''),(726,122,'Wichita Elementary School','WichitaElementarySchool','wichitaelem.nclack.orvsd.org',''),(727,123,'North Douglas Elementary School','NorthDouglasElementarySchool','northdouglaselem.northdouglas.orvsd.org',''),(728,123,'North Douglas High School','NorthDouglasHighSchool','northdouglashigh.northdouglas.orvsd.org',''),(729,124,'North Lake School','NorthLakeSchool','northlake.nlake.orvsd.org',''),(730,125,'North Marion High School','NorthMarionHighSchool','northmarionhigh.nmarion.orvsd.org',''),(731,125,'North Marion Intermediate School','NorthMarionIntermediateSchool','northmarionintermediate.nmarion.orvsd.org',''),(732,125,'North Marion Middle School','NorthMarionMiddleSchool','northmarionmiddle.nmarion.orvsd.org',''),(733,125,'North Marion Primary School','NorthMarionPrimarySchool','northmarionprimary.nmarion.orvsd.org',''),(734,126,'Powder Valley School','PowderValleySchool','powdervalley.npowder.orvsd.org',''),(735,127,'Mari-Linn Elementary School','Mari-LinnElementarySchool','mari-linnelem.nsantiam.orvsd.org',''),(736,127,'Stayton Elementary School','StaytonElementarySchool','staytonelem.nsantiam.orvsd.org',''),(737,127,'Stayton High School','StaytonHighSchool','staytonhigh.nsantiam.orvsd.org',''),(738,127,'Stayton Middle School','StaytonMiddleSchool','staytonmiddle.nsantiam.orvsd.org',''),(739,127,'Sublimity Elementary School','SublimityElementarySchool','sublimityelem.nsantiam.orvsd.org',''),(740,128,'Chenowith Elementary School','ChenowithElementarySchool','chenowithelem.nwasco.orvsd.org',''),(741,128,'Colonel Wright Elementary School','ColonelWrightElementarySchool','colonelwrightelem.nwasco.orvsd.org',''),(742,128,'Dry Hollow Elementary School','DryHollowElementarySchool','dryhollowelem.nwasco.orvsd.org',''),(743,128,'Mosier Community School','MosierCommunitySchool','mosiercommunity.nwasco.orvsd.org',''),(744,128,'The Dalles Middle School','TheDallesMiddleSchool','thedallesmiddle.nwasco.orvsd.org',''),(745,128,'The Dalles -Wahtonka High School','TheDalles-WahtonkaHighSchool','thedalles-wahtonkahigh.nwasco.orvsd.org',''),(746,129,'Nyssa Elementary School','NyssaElementarySchool','nyssaelem.nyssa.orvsd.org',''),(747,129,'Nyssa High School','NyssaHighSchool','nyssahigh.nyssa.orvsd.org',''),(748,129,'Nyssa Middle School','NyssaMiddleSchool','nyssamiddle.nyssa.orvsd.org',''),(749,130,'Lincoln Middle School','LincolnMiddleSchool','lincolnmiddle.oakland.orvsd.org',''),(750,130,'Oakland Elementary School','OaklandElementarySchool','oaklandelem.oakland.orvsd.org',''),(751,130,'Oakland High School','OaklandHighSchool','oaklandhigh.oakland.orvsd.org',''),(752,131,'Oakridge Elementary School','OakridgeElementarySchool','oakridgeelem.oakridge.orvsd.org',''),(753,131,'Oakridge High School','OakridgeHighSchool','oakridgehigh.oakridge.orvsd.org',''),(754,131,'Oakridge Junior High School','OakridgeJuniorHighSchool','oakridgejuniorhigh.oakridge.orvsd.org',''),(755,132,'Monroe School','MonroeSchool','monroe.ycep.orvsd.org',''),(756,132,'Newbridge High School','NewbridgeHighSchool','newbridgehigh.ycep.orvsd.org',''),(757,132,'Ocean Dunes High School','OceanDunesHighSchool','oceanduneshigh.ycep.orvsd.org',''),(758,132,'RiverBend Alternative Education','RiverBendAlternativeEducation','riverbendalternativeeducation.ycep.orvsd.org',''),(759,132,'Riverside High School','RiversideHighSchool','riversidehigh.ycep.orvsd.org',''),(760,132,'Robert S Farrell High School','RobertSFarrellHighSchool','robertsfarrellhigh.ycep.orvsd.org',''),(761,132,'South Jetty High School','SouthJettyHighSchool','southjettyhigh.ycep.orvsd.org',''),(762,132,'Trask River HS Camp Tillamook','TraskRiverHSCampTillamook','traskriverhscamptillamook.ycep.orvsd.org',''),(763,132,'Trask River HS TYAC','TraskRiverHSTYAC','traskriverhstyac.ycep.orvsd.org',''),(764,132,'William P Lord High School','WilliamPLordHighSchool','williamplordhigh.ycep.orvsd.org',''),(765,133,'Learning Opportunities','LearningOpportunities','OptionsandSupports',''),(766,133,'Secondary/Post-Secondary Transitions','Secondary/Post-SecondaryTransitions','eii-transitions.ode.orvsd.org',''),(767,133,'Systems Management and Coordination','SystemsManagementandCoordination','eii-systems.ode.orvsd.org',''),(768,133,'Teaching and Learning','TeachingandLearning','eii-tl.ode.orvsd.org',''),(769,133,'School Improvement and Accountability','SchoolImprovementandAccountability','eii-improvement.ode.orvsd.org',''),(770,133,'Operations','Operations','FiscalandDataManagement',''),(771,134,'Aiken Elementary School','AikenElementarySchool','aikenelem.ontario.orvsd.org',''),(772,134,'Alameda Elementary School','AlamedaElementarySchool','alamedaelem.ontario.orvsd.org',''),(773,134,'Cairo Elementary School','CairoElementarySchool','cairoelem.ontario.orvsd.org',''),(774,134,'May Roberts Elementary School','MayRobertsElementarySchool','mayrobertselem.ontario.orvsd.org',''),(775,134,'Ontario High School','OntarioHighSchool','ontariohigh.ontario.orvsd.org',''),(776,134,'Ontario Middle School','OntarioMiddleSchool','ontariomiddle.ontario.orvsd.org',''),(777,134,'Pioneer Elementary School','PioneerElementarySchool','pioneerelem.ontario.orvsd.org',''),(778,135,'Beavercreek Elementary School','BeavercreekElementarySchool','beavercreekelem.orecity.orvsd.org',''),(779,135,'Candy Lane Elementary School','CandyLaneElementarySchool','candylaneelem.orecity.orvsd.org',''),(780,135,'Gaffney Lane Elementary School','GaffneyLaneElementarySchool','gaffneylaneelem.orecity.orvsd.org',''),(781,135,'Gardiner Middle School','GardinerMiddleSchool','gardinermiddle.orecity.orvsd.org',''),(782,135,'Holcomb Elementary School','HolcombElementarySchool','holcombelem.orecity.orvsd.org',''),(783,135,'Jennings Lodge Elementary School','JenningsLodgeElementarySchool','jenningslodgeelem.orecity.orvsd.org',''),(784,135,'John McLoughlin Elementary School','JohnMcLoughlinElementarySchool','johnmcloughlinelem.orecity.orvsd.org',''),(785,135,'King Elementary School','KingElementarySchool','kingelem.orecity.orvsd.org',''),(786,135,'Mt Pleasant Elementary School','MtPleasantElementarySchool','mtpleasantelem.orecity.orvsd.org',''),(787,135,'Ogden Middle School','OgdenMiddleSchool','ogdenmiddle.orecity.orvsd.org',''),(788,135,'Oregon City Senior High School','OregonCitySeniorHighSchool','oregoncityseniorhigh.orecity.orvsd.org',''),(789,135,'Oregon City Service Learning Academy','OregonCityServiceLearningAcademy','oregoncityservicelearningacademy.orecity.orvsd.org',''),(790,135,'Park Place Elementary School','ParkPlaceElementarySchool','parkplaceelem.orecity.orvsd.org',''),(791,135,'Redland Elementary School','RedlandElementarySchool','redlandelem.orecity.orvsd.org',''),(792,135,'Springwater Environmental Sciences School','SpringwaterEnvironmentalSciencesSchool','springwaterenvironmentalsciences.orecity.orvsd.org',''),(793,136,'Four Rivers Community School','FourRiversCommunitySchool','fourriverscommunity.ode.orvsd.org',''),(794,137,'Boring Middle School','BoringMiddleSchool','boringmiddle.oregontrail.orvsd.org',''),(795,137,'Cedar Ridge Middle School','CedarRidgeMiddleSchool','cedarridgemiddle.oregontrail.orvsd.org',''),(796,137,'Cottrell Elementary School','CottrellElementarySchool','cottrellelem.oregontrail.orvsd.org',''),(797,137,'Firwood Elementary School','FirwoodElementarySchool','firwoodelem.oregontrail.orvsd.org',''),(798,137,'Kelso Elementary School','KelsoElementarySchool','kelsoelem.oregontrail.orvsd.org',''),(799,137,'Naas Elementary School','NaasElementarySchool','naaselem.oregontrail.orvsd.org',''),(800,137,'Sandy Grade School','SandyGradeSchool','sandygrade.oregontrail.orvsd.org',''),(801,137,'Sandy High School','SandyHighSchool','sandyhigh.oregontrail.orvsd.org',''),(802,137,'Welches Elementary School','WelchesElementarySchool','welcheselem.oregontrail.orvsd.org',''),(803,137,'Welches Middle School','WelchesMiddleSchool','welchesmiddle.oregontrail.orvsd.org',''),(804,138,'Paisley School','PaisleySchool','paisley.paisley.orvsd.org',''),(805,139,'Parkrose High School','ParkroseHighSchool','parkrosehigh.parkrose.orvsd.org',''),(806,139,'Parkrose Middle School','ParkroseMiddleSchool','parkrosemiddle.parkrose.orvsd.org',''),(807,139,'Prescott Elementary School','PrescottElementarySchool','prescottelem.parkrose.orvsd.org',''),(808,139,'Russell Academy','RussellAcademy','russellacademy.parkrose.orvsd.org',''),(809,139,'Sacramento Elementary School','SacramentoElementarySchool','sacramentoelem.parkrose.orvsd.org',''),(810,139,'Shaver Elementary School','ShaverElementarySchool','shaverelem.parkrose.orvsd.org',''),(811,140,'Lincoln Primary School','LincolnPrimarySchool','lincolnprimary.pendleton.orvsd.org',''),(812,140,'McKay Creek Elementary School','McKayCreekElementarySchool','mckaycreekelem.pendleton.orvsd.org',''),(813,140,'Nixyaawii Community School','NixyaawiiCommunitySchool','nixyaawiicommunity.pendleton.orvsd.org',''),(814,140,'Pendleton Education Center','PendletonEducationCenter','pendletoneducationcenter.pendleton.orvsd.org',''),(815,140,'Pendleton High School','PendletonHighSchool','pendletonhigh.pendleton.orvsd.org',''),(816,140,'Sherwood Heights Elementary School','SherwoodHeightsElementarySchool','sherwoodheightselem.pendleton.orvsd.org',''),(817,140,'Sunridge Middle School','SunridgeMiddleSchool','sunridgemiddle.pendleton.orvsd.org',''),(818,140,'Washington Elementary School','WashingtonElementarySchool','washingtonelem.pendleton.orvsd.org',''),(819,140,'West Hills Intermediate','WestHillsIntermediate','westhillsintermediate.pendleton.orvsd.org',''),(820,141,'Perrydale School','PerrydaleSchool','perrydale.perrydale.orvsd.org',''),(821,142,'Blodgett Elementary School','BlodgettElementarySchool','blodgettelem.philomath.orvsd.org',''),(822,142,'Clemens Primary School','ClemensPrimarySchool','clemensprimary.philomath.orvsd.org',''),(823,142,'Kings Valley Charter School','KingsValleyCharterSchool','kingsvalleycharter.philomath.orvsd.org',''),(824,142,'Philomath Elementary School','PhilomathElementarySchool','philomathelem.philomath.orvsd.org',''),(825,142,'Philomath High School','PhilomathHighSchool','philomathhigh.philomath.orvsd.org',''),(826,142,'Philomath Middle School','PhilomathMiddleSchool','philomathmiddle.philomath.orvsd.org',''),(827,143,'Armadillo Technical Institute','ArmadilloTechnicalInstitute','armadillotechnicalinstitute.phoenix.orvsd.org',''),(828,143,'Orchard Hill Elementary School','OrchardHillElementarySchool','orchardhillelem.phoenix.orvsd.org',''),(829,143,'Phoenix Elementary School','PhoenixElementarySchool','phoenixelem.phoenix.orvsd.org',''),(830,143,'Phoenix High School','PhoenixHighSchool','phoenixhigh.phoenix.orvsd.org',''),(831,143,'Talent Elementary School','TalentElementarySchool','talentelem.phoenix.orvsd.org',''),(832,143,'Talent Middle School','TalentMiddleSchool','talentmiddle.phoenix.orvsd.org',''),(833,144,'Pilot Rock Elementary School','PilotRockElementarySchool','pilotrockelem.pilotrock.orvsd.org',''),(834,144,'Pilot Rock High School','PilotRockHighSchool','pilotrockhigh.pilotrock.orvsd.org',''),(835,145,'Pine Creek Elementary School','PineCreekElementarySchool','pinecreekelem.pinecreek.orvsd.org',''),(836,146,'Halfway Elementary School','HalfwayElementarySchool','halfwayelem.pineeagle.orvsd.org',''),(837,146,'Pine Eagle High School','PineEagleHighSchool','pineeaglehigh.pineeagle.orvsd.org',''),(838,146,'Richland Elementary School','RichlandElementarySchool','richlandelem.pineeagle.orvsd.org',''),(839,147,'Pinehurst Elementary School','PinehurstElementarySchool','pinehurstelem.pinehurst.orvsd.org',''),(840,148,'Pleasant Hill High School','PleasantHillHighSchool','pleasanthillhigh.pleasanthill.orvsd.org',''),(841,148,'Pleasant Hill Middle School','PleasantHillMiddleSchool','pleasanthillmiddle.pleasanthill.orvsd.org',''),(842,148,'Trent Elementary School','TrentElementarySchool','trentelem.pleasanthill.orvsd.org',''),(843,149,'Plush Elementary School','PlushElementarySchool','plushelem.plush.orvsd.org',''),(844,150,'Blanco School','BlancoSchool','blanco.2cj.orvsd.org',''),(845,150,'Driftwood Elementary School','DriftwoodElementarySchool','driftwoodelem.2cj.orvsd.org',''),(846,150,'Pacific High School','PacificHighSchool','pacifichigh.2cj.orvsd.org',''),(847,151,'Abernethy Elementary School','AbernethyElementarySchool','abernethyelem.pps.orvsd.org',''),(848,151,'Ainsworth Elementary School','AinsworthElementarySchool','ainsworthelem.pps.orvsd.org',''),(849,151,'Alameda Elementary School','AlamedaElementarySchool','alamedaelem.pps.orvsd.org',''),(850,151,'Alliance High School','AllianceHighSchool','alliancehigh.pps.orvsd.org',''),(851,151,'Arleta Elementary School','ArletaElementarySchool','arletaelem.pps.orvsd.org',''),(852,151,'Arts Communication and Technology School','ArtsCommunicationandTechnologySchool','artscommunicationtechnology.pps.orvsd.org',''),(853,151,'Astor Elementary School','AstorElementarySchool','astorelem.pps.orvsd.org',''),(854,151,'Atkinson Elementary School','AtkinsonElementarySchool','atkinsonelem.pps.orvsd.org',''),(855,151,'Beach Elementary School','BeachElementarySchool','beachelem.pps.orvsd.org',''),(856,151,'Beaumont Middle School','BeaumontMiddleSchool','beaumontmiddle.pps.orvsd.org',''),(857,151,'Benson Polytechnic High School','BensonPolytechnicHighSchool','bensonpolytechnichigh.pps.orvsd.org',''),(858,151,'Binnsmead Middle School','BinnsmeadMiddleSchool','binnsmeadmiddle.pps.orvsd.org',''),(859,151,'BizTech High School','BizTechHighSchool','biztechhigh.pps.orvsd.org',''),(860,151,'Boise-Eliot Elementary School','Boise-EliotElementarySchool','boise-eliotelem.pps.orvsd.org',''),(861,151,'Bridger Elementary School','BridgerElementarySchool','bridgerelem.pps.orvsd.org',''),(862,151,'Bridlemile Elementary School','BridlemileElementarySchool','bridlemileelem.pps.orvsd.org',''),(863,151,'Buckman Elementary School','BuckmanElementarySchool','buckmanelem.pps.orvsd.org',''),(864,151,'Capitol Hill Elementary School','CapitolHillElementarySchool','capitolhillelem.pps.orvsd.org',''),(865,151,'Chapman Elementary School','ChapmanElementarySchool','chapmanelem.pps.orvsd.org',''),(866,151,'Chief Joseph Elementary School','ChiefJosephElementarySchool','chiefjosephelem.pps.orvsd.org',''),(867,151,'Clarendon Elementary School','ClarendonElementarySchool','clarendonelem.pps.orvsd.org',''),(868,151,'Clark Elementary School','ClarkElementarySchool','clarkelem.pps.orvsd.org',''),(869,151,'Cleveland High School','ClevelandHighSchool','clevelandhigh.pps.orvsd.org',''),(870,151,'CM2 Opal School','CM2OpalSchool','cm2opal.pps.orvsd.org',''),(871,151,'Creston Elementary School','CrestonElementarySchool','crestonelem.pps.orvsd.org',''),(872,151,'da Vinci Middle School','daVinciMiddleSchool','davincimiddle.pps.orvsd.org',''),(873,151,'Duniway Elementary School','DuniwayElementarySchool','duniwayelem.pps.orvsd.org',''),(874,151,'Emerson School','EmersonSchool','emerson.pps.orvsd.org',''),(875,151,'Faubion Elementary School','FaubionElementarySchool','faubionelem.pps.orvsd.org',''),(876,151,'Fernwood Middle School','FernwoodMiddleSchool','fernwoodmiddle.pps.orvsd.org',''),(877,151,'Forest Park Elementary School','ForestParkElementarySchool','forestparkelem.pps.orvsd.org',''),(878,151,'Franklin High School','FranklinHighSchool','franklinhigh.pps.orvsd.org',''),(879,151,'George Middle School','GeorgeMiddleSchool','georgemiddle.pps.orvsd.org',''),(880,151,'Glencoe Elementary School','GlencoeElementarySchool','glencoeelem.pps.orvsd.org',''),(881,151,'Grant High School','GrantHighSchool','granthigh.pps.orvsd.org',''),(882,151,'Gray Middle School','GrayMiddleSchool','graymiddle.pps.orvsd.org',''),(883,151,'Gregory Heights Middle School','GregoryHeightsMiddleSchool','gregoryheightsmiddle.pps.orvsd.org',''),(884,151,'Grout Elementary School','GroutElementarySchool','groutelem.pps.orvsd.org',''),(885,151,'Hayhurst Elementary School','HayhurstElementarySchool','hayhurstelem.pps.orvsd.org',''),(886,151,'Hollyrood Elementary','HollyroodElementary','hollyroodelem.pps.orvsd.org',''),(887,151,'Hosford Middle School','HosfordMiddleSchool','hosfordmiddle.pps.orvsd.org',''),(888,151,'Humboldt Elementary School','HumboldtElementarySchool','humboldtelem.pps.orvsd.org',''),(889,151,'Irvington Elementary School','IrvingtonElementarySchool','irvingtonelem.pps.orvsd.org',''),(890,151,'Jackson Middle School','JacksonMiddleSchool','jacksonmiddle.pps.orvsd.org',''),(891,151,'James John Elementary School','JamesJohnElementarySchool','jamesjohnelem.pps.orvsd.org',''),(892,151,'Jefferson High School','JeffersonHighSchool','jeffersonhigh.pps.orvsd.org',''),(893,151,'Kellogg Middle School','KelloggMiddleSchool','kelloggmiddle.pps.orvsd.org',''),(894,151,'Kelly Elementary School','KellyElementarySchool','kellyelem.pps.orvsd.org',''),(895,151,'King Elementary School','KingElementarySchool','kingelem.pps.orvsd.org',''),(896,151,'Lane Middle School','LaneMiddleSchool','lanemiddle.pps.orvsd.org',''),(897,151,'Laurelhurst Elementary School','LaurelhurstElementarySchool','laurelhurstelem.pps.orvsd.org',''),(898,151,'Leadership and Entrepreneurship Public Charter High School','LeadershipandEntrepreneurshipPublicCharterHighSchool','leadershipandentrepreneurshippubliccharterhigh.pps.orvsd.org',''),(899,151,'Lee Elementary School','LeeElementarySchool','leeelem.pps.orvsd.org',''),(900,151,'Lent Elementary School','LentElementarySchool','lentelem.pps.orvsd.org',''),(901,151,'Lewis Elementary School','LewisElementarySchool','lewiselem.pps.orvsd.org',''),(902,151,'Lincoln High School','LincolnHighSchool','lincolnhigh.pps.orvsd.org',''),(903,151,'Llewellyn Elementary School','LlewellynElementarySchool','llewellynelem.pps.orvsd.org',''),(904,151,'Madison High School','MadisonHighSchool','madisonhigh.pps.orvsd.org',''),(905,151,'Maplewood Elementary School','MaplewoodElementarySchool','maplewoodelem.pps.orvsd.org',''),(906,151,'Markham Elementary School','MarkhamElementarySchool','markhamelem.pps.orvsd.org',''),(907,151,'Marysville Elementary School','MarysvilleElementarySchool','marysvilleelem.pps.orvsd.org',''),(908,151,'Metropolitan Learning Center','MetropolitanLearningCenter','metropolitanlearningcenter.pps.orvsd.org',''),(909,151,'Mt Tabor Middle School','MtTaborMiddleSchool','mttabormiddle.pps.orvsd.org',''),(910,151,'Ockley Green School','OckleyGreenSchool','ockleygreen.pps.orvsd.org',''),(911,151,'Pauling Academy of Integrated Sciences','PaulingAcademyofIntegratedSciences','paulingacademyofintegratedsciences.pps.orvsd.org',''),(912,151,'Peninsula Elementary School','PeninsulaElementarySchool','peninsulaelem.pps.orvsd.org',''),(913,151,'Portland Arthur Academy Charter','PortlandArthurAcademyCharter','portlandarthuracademycharter.pps.orvsd.org',''),(914,151,'Portsmouth Middle School','PortsmouthMiddleSchool','portsmouthmiddle.pps.orvsd.org',''),(915,151,'Pursuit of Wellness Education at Roosevelt','PursuitofWellnessEducationatRoosevelt','pursuitofwellnesseducationatroosevelt.pps.orvsd.org',''),(916,151,'Renaissance Arts Academy','RenaissanceArtsAcademy','renaissanceartsacademy.pps.orvsd.org',''),(917,151,'Richmond Elementary School','RichmondElementarySchool','richmondelem.pps.orvsd.org',''),(918,151,'Rieke Elementary School','RiekeElementarySchool','riekeelem.pps.orvsd.org',''),(919,151,'Rigler Elementary School','RiglerElementarySchool','riglerelem.pps.orvsd.org',''),(920,151,'Rosa Parks Elementary School','RosaParksElementarySchool','rosaparkselem.pps.orvsd.org',''),(921,151,'Rose City Park Elementary','RoseCityParkElementary','rosecityparkelem.pps.orvsd.org',''),(922,151,'Sabin Elementary School','SabinElementarySchool','sabinelem.pps.orvsd.org',''),(923,151,'Scott Elementary School','ScottElementarySchool','scottelem.pps.orvsd.org',''),(924,151,'Self Enhancement Inc SEI Academy','SelfEnhancementIncSEIAcademy','selfenhancementincseiacademy.pps.orvsd.org',''),(925,151,'Sellwood Middle School','SellwoodMiddleSchool','sellwoodmiddle.pps.orvsd.org',''),(926,151,'Sitton Elementary School','SittonElementarySchool','sittonelem.pps.orvsd.org',''),(927,151,'Skyline Elementary School','SkylineElementarySchool','skylineelem.pps.orvsd.org',''),(928,151,'Spanish','Spanish','spanish.pps.orvsd.org',''),(929,151,'Stephenson Elementary School','StephensonElementarySchool','stephensonelem.pps.orvsd.org',''),(930,151,'Sunnyside Environmental School','SunnysideEnvironmentalSchool','sunnysideenvironmental.pps.orvsd.org',''),(931,151,'Trillium Charter','TrilliumCharter','trilliumcharter.pps.orvsd.org',''),(932,151,'Tubman Middle School','TubmanMiddleSchool','tubmanmiddle.pps.orvsd.org',''),(933,151,'Vernon Elementary School','VernonElementarySchool','vernonelem.pps.orvsd.org',''),(934,151,'Vestal Elementary School','VestalElementarySchool','vestalelem.pps.orvsd.org',''),(935,151,'West Sylvan Middle School','WestSylvanMiddleSchool','westsylvanmiddle.pps.orvsd.org',''),(936,151,'Whitman Elementary School','WhitmanElementarySchool','whitmanelem.pps.orvsd.org',''),(937,151,'Wilson High School','WilsonHighSchool','wilsonhigh.pps.orvsd.org',''),(938,151,'Winterhaven School','WinterhavenSchool','winterhaven.pps.orvsd.org',''),(939,151,'Woodlawn Elementary School','WoodlawnElementarySchool','woodlawnelem.pps.orvsd.org',''),(940,151,'Woodmere Elementary School','WoodmereElementarySchool','woodmereelem.pps.orvsd.org',''),(941,151,'Woodstock Elementary School','WoodstockElementarySchool','woodstockelem.pps.orvsd.org',''),(942,152,'Powers Elementary School','PowersElementarySchool','powerselem.powers.orvsd.org',''),(943,152,'Powers High School','PowersHighSchool','powershigh.powers.orvsd.org',''),(944,153,'Prairie City School','PrairieCitySchool','prairiecity.grantesd.orvsd.org',''),(945,154,'Prospect School','ProspectSchool','prospect.prospect.orvsd.org',''),(946,155,'Hudson Park Elementary School','HudsonParkElementarySchool','hudsonparkelem.rainier.orvsd.org',''),(947,155,'North Columbia Academy','NorthColumbiaAcademy','northcolumbiaacademy.rainier.orvsd.org',''),(948,155,'Rainier Jr/Sr High School','RainierJr/SrHighSchool','rainierjr/srhigh.rainier.orvsd.org',''),(949,156,'Deschutes Edge Charter School','DeschutesEdgeCharterSchool','deschutesedgecharter.redmond.orvsd.org',''),(950,156,'Edwin Brown High School','EdwinBrownHighSchool','edwinbrownhigh.redmond.orvsd.org',''),(951,156,'Elton Gregory Middle School','EltonGregoryMiddleSchool','eltongregorymiddle.redmond.orvsd.org',''),(952,156,'Evergreen Elementary School','EvergreenElementarySchool','evergreenelem.redmond.orvsd.org',''),(953,156,'International School of the Cascades','InternationalSchooloftheCascades','internationalofthecascades.redmond.orvsd.org',''),(954,156,'John Tuck Elementary School','JohnTuckElementarySchool','johntuckelem.redmond.orvsd.org',''),(955,156,'M A Lynch Elementary School','MALynchElementarySchool','malynchelem.redmond.orvsd.org',''),(956,156,'Obsidian Middle School','ObsidianMiddleSchool','obsidianmiddle.redmond.orvsd.org',''),(957,156,'Redmond High School','RedmondHighSchool','redmondhigh.redmond.orvsd.org',''),(958,156,'Terrebonne Community School','TerrebonneCommunitySchool','terrebonnecommunity.redmond.orvsd.org',''),(959,156,'Tom McCall Elementary School','TomMcCallElementarySchool','tommccallelem.redmond.orvsd.org',''),(960,156,'Tumalo Community School','TumaloCommunitySchool','tumalocommunity.redmond.orvsd.org',''),(961,156,'Vern Patrick Elementary School','VernPatrickElementarySchool','vernpatrickelem.redmond.orvsd.org',''),(962,157,'Highland Elementary School','HighlandElementarySchool','highlandelem.reedsport.orvsd.org',''),(963,157,'Reedsport Junior/High School','ReedsportJunior/HighSchool','reedsportjunior/high.reedsport.orvsd.org',''),(964,158,'Alder Elementary School','AlderElementarySchool','alderelem.reynolds.orvsd.org',''),(965,158,'Davis Elementary School','DavisElementarySchool','daviselem.reynolds.orvsd.org',''),(966,158,'Fairview Elementary School','FairviewElementarySchool','fairviewelem.reynolds.orvsd.org',''),(967,158,'Four Corners School','FourCornersSchool','fourcorners.reynolds.orvsd.org',''),(968,158,'Glenfair Elementary School','GlenfairElementarySchool','glenfairelem.reynolds.orvsd.org',''),(969,158,'Hartley Elementary School','HartleyElementarySchool','hartleyelem.reynolds.orvsd.org',''),(970,158,'Hauton B Lee Middle School','HautonBLeeMiddleSchool','hautonbleemiddle.reynolds.orvsd.org',''),(971,158,'Margaret Scott Elementary School','MargaretScottElementarySchool','margaretscottelem.reynolds.orvsd.org',''),(972,158,'Multisensory Learning Academy','MultisensoryLearningAcademy','multisensorylearningacademy.reynolds.orvsd.org',''),(973,158,'Reynolds Arthur Academy','ReynoldsArthurAcademy','reynoldsarthuracademy.reynolds.orvsd.org',''),(974,158,'Reynolds High School','ReynoldsHighSchool','reynoldshigh.reynolds.orvsd.org',''),(975,158,'Reynolds Learning Academy','ReynoldsLearningAcademy','reynoldslearningacademy.reynolds.orvsd.org',''),(976,158,'Reynolds Middle School','ReynoldsMiddleSchool','reynoldsmiddle.reynolds.orvsd.org',''),(977,158,'Salish Ponds Elementary School','SalishPondsElementarySchool','salishpondselem.reynolds.orvsd.org',''),(978,158,'Sweetbriar Elementary School','SweetbriarElementarySchool','sweetbriarelem.reynolds.orvsd.org',''),(979,158,'Troutdale Elementary School','TroutdaleElementarySchool','troutdaleelem.reynolds.orvsd.org',''),(980,158,'Walt Morey Middle School','WaltMoreyMiddleSchool','waltmoreymiddle.reynolds.orvsd.org',''),(981,158,'Wilkes Elementary School','WilkesElementarySchool','wilkeselem.reynolds.orvsd.org',''),(982,158,'Woodland Elementary','WoodlandElementary','woodlandelem.reynolds.orvsd.org',''),(983,159,'Riddle Education Center','RiddleEducationCenter','riddleeducationcenter.riddle.orvsd.org',''),(984,159,'Riddle Elementary School','RiddleElementarySchool','riddleelem.riddle.orvsd.org',''),(985,159,'Riddle High School','RiddleHighSchool','riddlehigh.riddle.orvsd.org',''),(986,160,'Riverdale Grade School','RiverdaleGradeSchool','riverdalegrade.riverdale.orvsd.org',''),(987,160,'Riverdale High School','RiverdaleHighSchool','riverdalehigh.riverdale.orvsd.org',''),(988,161,'Evans Valley Elementary School','EvansValleyElementarySchool','evansvalleyelem.rogueriver.orvsd.org',''),(989,161,'Rogue River Elementary School','RogueRiverElementarySchool','rogueriverelem.rogueriver.orvsd.org',''),(990,161,'Rogue River High School','RogueRiverHighSchool','rogueriverhigh.rogueriver.orvsd.org',''),(991,161,'Rogue River Middle School','RogueRiverMiddleSchool','roguerivermiddle.rogueriver.orvsd.org',''),(992,162,'Auburn Elementary School','AuburnElementarySchool','auburnelem.salkeiz.orvsd.org',''),(993,162,'Baker Charter School','BakerCharterSchool','bakercharter.salkeiz.orvsd.org',''),(994,162,'Barbara Roberts High School','BarbaraRobertsHighSchool','barbararobertshigh.salkeiz.orvsd.org',''),(995,162,'Bethel Elementary School','BethelElementarySchool','bethelelem.salkeiz.orvsd.org',''),(996,162,'Brush College Elementary School','BrushCollegeElementarySchool','brushcollegeelem.salkeiz.orvsd.org',''),(997,162,'Bush Elementary School','BushElementarySchool','bushelem.salkeiz.orvsd.org',''),(998,162,'Candalaria Elementary School','CandalariaElementarySchool','candalariaelem.salkeiz.orvsd.org',''),(999,162,'Chapman Hill Elementary School','ChapmanHillElementarySchool','chapmanhillelem.salkeiz.orvsd.org',''),(1000,162,'Claggett Creek Middle School','ClaggettCreekMiddleSchool','claggettcreekmiddle.salkeiz.orvsd.org',''),(1001,162,'Clear Lake Elementary School','ClearLakeElementarySchool','clearlakeelem.salkeiz.orvsd.org',''),(1002,162,'Crossler Middle School','CrosslerMiddleSchool','crosslermiddle.salkeiz.orvsd.org',''),(1003,162,'Cummings Elementary School','CummingsElementarySchool','cummingselem.salkeiz.orvsd.org',''),(1004,162,'Englewood Elementary School','EnglewoodElementarySchool','englewoodelem.salkeiz.orvsd.org',''),(1005,162,'Eyre Elementary School','EyreElementarySchool','eyreelem.salkeiz.orvsd.org',''),(1006,162,'Forest Ridge Elementary School','ForestRidgeElementarySchool','forestridgeelem.salkeiz.orvsd.org',''),(1007,162,'Four Corners Elementary School','FourCornersElementarySchool','fourcornerselem.salkeiz.orvsd.org',''),(1008,162,'Fruitland Elementary School','FruitlandElementarySchool','fruitlandelem.salkeiz.orvsd.org',''),(1009,162,'Grant Community School','GrantCommunitySchool','grantcommunity.salkeiz.orvsd.org',''),(1010,162,'Gubser Elementary School','GubserElementarySchool','gubserelem.salkeiz.orvsd.org',''),(1011,162,'Hallman Elementary School','HallmanElementarySchool','hallmanelem.salkeiz.orvsd.org',''),(1012,162,'Hammond Elementary School','HammondElementarySchool','hammondelem.salkeiz.orvsd.org',''),(1013,162,'Harritt Elementary School','HarrittElementarySchool','harrittelem.salkeiz.orvsd.org',''),(1014,162,'Hayesville Elementary School','HayesvilleElementarySchool','hayesvilleelem.salkeiz.orvsd.org',''),(1015,162,'Hazel Green Elementary School','HazelGreenElementarySchool','hazelgreenelem.salkeiz.orvsd.org',''),(1016,162,'Highland Elementary School','HighlandElementarySchool','highlandelem.salkeiz.orvsd.org',''),(1017,162,'Hoover Elementary School','HooverElementarySchool','hooverelem.salkeiz.orvsd.org',''),(1018,162,'Houck Middle School','HouckMiddleSchool','houckmiddle.salkeiz.orvsd.org',''),(1019,162,'Howard Street Charter School','HowardStreetCharterSchool','howardstreetcharter.salkeiz.orvsd.org',''),(1020,162,'Jane Goodall Environmental Middle','JaneGoodallEnvironmentalMiddle','janegoodallenvironmentalmiddle.salkeiz.orvsd.org',''),(1021,162,'Judson Middle School','JudsonMiddleSchool','judsonmiddle.salkeiz.orvsd.org',''),(1022,162,'Keizer Elementary School','KeizerElementarySchool','keizerelem.salkeiz.orvsd.org',''),(1023,162,'Kennedy Elementary School','KennedyElementarySchool','kennedyelem.salkeiz.orvsd.org',''),(1024,162,'Lake Labish Elementary School','LakeLabishElementarySchool','lakelabishelem.salkeiz.orvsd.org',''),(1025,162,'Lamb Elementary School','LambElementarySchool','lambelem.salkeiz.orvsd.org',''),(1026,162,'Lee Elementary School','LeeElementarySchool','leeelem.salkeiz.orvsd.org',''),(1027,162,'Leslie Middle School','LeslieMiddleSchool','lesliemiddle.salkeiz.orvsd.org',''),(1028,162,'Liberty Elementary School','LibertyElementarySchool','libertyelem.salkeiz.orvsd.org',''),(1029,162,'McKay High School','McKayHighSchool','mckayhigh.salkeiz.orvsd.org',''),(1030,162,'McKinley Elementary School','McKinleyElementarySchool','mckinleyelem.salkeiz.orvsd.org',''),(1031,162,'McNary High School','McNaryHighSchool','mcnaryhigh.salkeiz.orvsd.org',''),(1032,162,'Middle Grove Elementary School','MiddleGroveElementarySchool','middlegroveelem.salkeiz.orvsd.org',''),(1033,162,'Miller Elementary School','MillerElementarySchool','millerelem.salkeiz.orvsd.org',''),(1034,162,'Morningside Elementary School','MorningsideElementarySchool','morningsideelem.salkeiz.orvsd.org',''),(1035,162,'Myers Elementary School','MyersElementarySchool','myerselem.salkeiz.orvsd.org',''),(1036,162,'North Salem High School','NorthSalemHighSchool','northsalemhigh.salkeiz.orvsd.org',''),(1037,162,'Optimum Learning Environments Charter','OptimumLearningEnvironmentsCharter','optimumlearningenvironmentscharter.salkeiz.orvsd.org',''),(1038,162,'Parrish Middle School','ParrishMiddleSchool','parrishmiddle.salkeiz.orvsd.org',''),(1039,162,'Pringle Elementary School','PringleElementarySchool','pringleelem.salkeiz.orvsd.org',''),(1040,162,'Richmond Elementary School','RichmondElementarySchool','richmondelem.salkeiz.orvsd.org',''),(1041,162,'Rosedale Elementary School','RosedaleElementarySchool','rosedaleelem.salkeiz.orvsd.org',''),(1042,162,'Salem Heights Elementary School','SalemHeightsElementarySchool','salemheightselem.salkeiz.orvsd.org',''),(1043,162,'Schirle Elementary School','SchirleElementarySchool','schirleelem.salkeiz.orvsd.org',''),(1044,162,'Scott Elementary School','ScottElementarySchool','scottelem.salkeiz.orvsd.org',''),(1045,162,'South Salem High School','SouthSalemHighSchool','southsalemhigh.salkeiz.orvsd.org',''),(1046,162,'Sprague High School','SpragueHighSchool','spraguehigh.salkeiz.orvsd.org',''),(1047,162,'Stephens Middle School','StephensMiddleSchool','stephensmiddle.salkeiz.orvsd.org',''),(1048,162,'Sumpter Elementary School','SumpterElementarySchool','sumpterelem.salkeiz.orvsd.org',''),(1049,162,'Swegle Elementary School','SwegleElementarySchool','swegleelem.salkeiz.orvsd.org',''),(1050,162,'Waldo Middle School','WaldoMiddleSchool','waldomiddle.salkeiz.orvsd.org',''),(1051,162,'Walker Middle School','WalkerMiddleSchool','walkermiddle.salkeiz.orvsd.org',''),(1052,162,'Washington Elementary School','WashingtonElementarySchool','washingtonelem.salkeiz.orvsd.org',''),(1053,162,'Weddle Elementary School','WeddleElementarySchool','weddleelem.salkeiz.orvsd.org',''),(1054,162,'West Salem High School','WestSalemHighSchool','westsalemhigh.salkeiz.orvsd.org',''),(1055,162,'Whiteaker Middle School','WhiteakerMiddleSchool','whiteakermiddle.salkeiz.orvsd.org',''),(1056,162,'Wright Elementary School','WrightElementarySchool','wrightelem.salkeiz.orvsd.org',''),(1057,162,'Yoshikai Elementary School','YoshikaiElementarySchool','yoshikaielem.salkeiz.orvsd.org',''),(1058,163,'Gates Elementary School','GatesElementarySchool','gateselem.santiam.orvsd.org',''),(1059,163,'Mill City Middle School','MillCityMiddleSchool','millcitymiddle.santiam.orvsd.org',''),(1060,163,'Santiam High School','SantiamHighSchool','santiamhigh.santiam.orvsd.org',''),(1061,164,'Grant Watts Elementary School','GrantWattsElementarySchool','grantwattselem.scappoose.orvsd.org',''),(1062,164,'Petersen Elementary School','PetersenElementarySchool','petersenelem.scappoose.orvsd.org',''),(1063,164,'Sauvie Island Elementary School','SauvieIslandElementarySchool','sauvieislandelem.scappoose.orvsd.org',''),(1064,164,'Scappoose High School','ScappooseHighSchool','scappoosehigh.scappoose.orvsd.org',''),(1065,164,'Scappoose Middle School','ScappooseMiddleSchool','scappoosemiddle.scappoose.orvsd.org',''),(1066,164,'South Columbia Family School','SouthColumbiaFamilySchool','southcolumbiafamily.scappoose.orvsd.org',''),(1067,164,'Warren Elementary School','WarrenElementarySchool','warrenelem.scappoose.orvsd.org',''),(1068,165,'Centennial Elementary School','CentennialElementarySchool','centennialelem.scio.orvsd.org',''),(1069,165,'Lourdes School','LourdesSchool','lourdes.scio.orvsd.org',''),(1070,165,'Oregon Connections Academy','OregonConnectionsAcademy','oregonconnectionsacademy.scio.orvsd.org',''),(1071,165,'Scio High School','ScioHighSchool','sciohigh.scio.orvsd.org',''),(1072,165,'Scio Middle School','ScioMiddleSchool','sciomiddle.scio.orvsd.org',''),(1073,166,'Broadway Middle School','BroadwayMiddleSchool','broadwaymiddle.seaside.orvsd.org',''),(1074,166,'Cannon Beach Elementary','CannonBeachElementary','cannonbeachelem.seaside.orvsd.org',''),(1075,166,'Gearhart Elementary School','GearhartElementarySchool','gearhartelem.seaside.orvsd.org',''),(1076,166,'Seaside Heights Elementary School','SeasideHeightsElementarySchool','seasideheightselem.seaside.orvsd.org',''),(1077,166,'Seaside High School','SeasideHighSchool','seasidehigh.seaside.orvsd.org',''),(1078,167,'Faulconer-Chapman School','Faulconer-ChapmanSchool','faulconer-chapman.sheridan.orvsd.org',''),(1079,167,'Opportunity House','OpportunityHouse','opportunityhouse.sheridan.orvsd.org',''),(1080,167,'Sheridan High School','SheridanHighSchool','sheridanhigh.sheridan.orvsd.org',''),(1081,167,'Sheridan Japanese School','SheridanJapaneseSchool','sheridanjapanese.sheridan.orvsd.org',''),(1082,168,'North Sherman Elementary School','NorthShermanElementarySchool','northshermanelem.sherman.orvsd.org',''),(1083,168,'Sherman Junior/Senior High School','ShermanJunior/SeniorHighSchool','shermanjunior/seniorhigh.sherman.orvsd.org',''),(1084,168,'South Sherman Elementary School','SouthShermanElementarySchool','southshermanelem.sherman.orvsd.org',''),(1085,169,'Archer Glen Elementary School','ArcherGlenElementarySchool','archerglenelem.sherwood.orvsd.org',''),(1086,169,'J Clyde Hopkins Elementary School','JClydeHopkinsElementarySchool','jclydehopkinselem.sherwood.orvsd.org',''),(1087,169,'Middleton Elementary School','MiddletonElementarySchool','middletonelem.sherwood.orvsd.org',''),(1088,169,'MITCH Sherwood Charter School','MITCHSherwoodCharterSchool','mitchsherwoodcharter.sherwood.orvsd.org',''),(1089,169,'Sherwood High School','SherwoodHighSchool','sherwoodhigh.sherwood.orvsd.org',''),(1090,169,'Sherwood Middle School','SherwoodMiddleSchool','sherwoodmiddle.sherwood.orvsd.org',''),(1091,170,'Bethany Charter School','BethanyCharterSchool','bethanycharter.silverfalls.orvsd.org',''),(1092,170,'Butte Creek Elementary School','ButteCreekElementarySchool','buttecreekelem.silverfalls.orvsd.org',''),(1093,170,'Central Howell Elementary School','CentralHowellElementarySchool','centralhowellelem.silverfalls.orvsd.org',''),(1094,170,'Eugene Field Elementary School','EugeneFieldElementarySchool','eugenefieldelem.silverfalls.orvsd.org',''),(1095,170,'Evergreen Elementary School','EvergreenElementarySchool','evergreenelem.silverfalls.orvsd.org',''),(1096,170,'Mark Twain Middle School','MarkTwainMiddleSchool','marktwainmiddle.silverfalls.orvsd.org',''),(1097,170,'Monitor Elementary School','MonitorElementarySchool','monitorelem.silverfalls.orvsd.org',''),(1098,170,'Pratum Elementary School','PratumElementarySchool','pratumelem.silverfalls.orvsd.org',''),(1099,170,'Robert Frost Elementary School','RobertFrostElementarySchool','robertfrostelem.silverfalls.orvsd.org',''),(1100,170,'Scotts Mills Elementary School','ScottsMillsElementarySchool','scottsmillselem.silverfalls.orvsd.org',''),(1101,170,'Silver Crest Elementary School','SilverCrestElementarySchool','silvercrestelem.silverfalls.orvsd.org',''),(1102,170,'Silverton High School','SilvertonHighSchool','silvertonhigh.silverfalls.orvsd.org',''),(1103,170,'Victor Point Elementary School','VictorPointElementarySchool','victorpointelem.silverfalls.orvsd.org',''),(1104,171,'Sisters Elementary School','SistersElementarySchool','sisterselem.sisters.orvsd.org',''),(1105,171,'Sisters High School','SistersHighSchool','sistershigh.sisters.orvsd.org',''),(1106,171,'Sisters Middle School','SistersMiddleSchool','sistersmiddle.sisters.orvsd.org',''),(1107,172,'Siuslaw Elementary School','SiuslawElementarySchool','siuslawelem.sius.orvsd.org',''),(1108,172,'Siuslaw High School','SiuslawHighSchool','siuslawhigh.sius.orvsd.org',''),(1109,172,'Siuslaw Middle School','SiuslawMiddleSchool','siuslawmiddle.sius.orvsd.org',''),(1110,173,'Fields Elementary School','FieldsElementarySchool','fieldselem.shsd.orvsd.org',''),(1111,174,'Al Kennedy Alternative High School','AlKennedyAlternativeHighSchool','alkennedyalternativehigh.slane.orvsd.org',''),(1112,174,'Blue Mountain Charter School','BlueMountainCharterSchool','bluemountaincharter.slane.orvsd.org',''),(1113,174,'Bohemia Elementary School','BohemiaElementarySchool','bohemiaelem.slane.orvsd.org',''),(1114,174,'Childs Way Charter School','ChildsWayCharterSchool','childswaycharter.slane.orvsd.org',''),(1115,174,'Cottage Grove High School','CottageGroveHighSchool','cottagegrovehigh.slane.orvsd.org',''),(1116,174,'Delight Valley Elementary School','DelightValleyElementarySchool','delightvalleyelem.slane.orvsd.org',''),(1117,174,'Dorena School','DorenaSchool','dorena.slane.orvsd.org',''),(1118,174,'Harrison Elementary School','HarrisonElementarySchool','harrisonelem.slane.orvsd.org',''),(1119,174,'Latham Elementary School','LathamElementarySchool','lathamelem.slane.orvsd.org',''),(1120,174,'Lincoln Middle School','LincolnMiddleSchool','lincolnmiddle.slane.orvsd.org',''),(1121,174,'London School','LondonSchool','london.slane.orvsd.org',''),(1122,175,'Canyonville School','CanyonvilleSchool','canyonville.sus.orvsd.org',''),(1123,175,'Coffenberry Middle School','CoffenberryMiddleSchool','coffenberrymiddle.sus.orvsd.org',''),(1124,175,'Myrtle Creek Elementary School','MyrtleCreekElementarySchool','myrtlecreekelem.sus.orvsd.org',''),(1125,175,'South Umpqua High School','SouthUmpquaHighSchool','southumpquahigh.sus.orvsd.org',''),(1126,175,'Tri City Elementary School','TriCityElementarySchool','tricityelem.sus.orvsd.org',''),(1127,176,'Maupin Elementary School','MaupinElementarySchool','maupinelem.swc.orvsd.org',''),(1128,176,'South Wasco County High School','SouthWascoCountyHighSchool','southwascocountyhigh.swc.orvsd.org',''),(1129,177,'Spray School','SpraySchool','spray.spray.orvsd.org',''),(1130,178,'Academy of Arts and Academics','AcademyofArtsandAcademics','academyofartsandacademics.sps.orvsd.org',''),(1131,178,'Agnes Stewart Middle School','AgnesStewartMiddleSchool','agnesstewartmiddle.sps.orvsd.org',''),(1132,178,'Brattain Elementary School','BrattainElementarySchool','brattainelem.sps.orvsd.org',''),(1133,178,'Briggs Middle School','BriggsMiddleSchool','briggsmiddle.sps.orvsd.org',''),(1134,178,'Camp Creek Elementary School','CampCreekElementarySchool','campcreekelem.sps.orvsd.org',''),(1135,178,'Centennial Elementary School','CentennialElementarySchool','centennialelem.sps.orvsd.org',''),(1136,178,'Douglas Gardens Elementary School','DouglasGardensElementarySchool','douglasgardenselem.sps.orvsd.org',''),(1137,178,'Elizabeth Page Elementary School','ElizabethPageElementarySchool','elizabethpageelem.sps.orvsd.org',''),(1138,178,'Gateways Learning Center','GatewaysLearningCenter','gatewayslearningcenter.sps.orvsd.org',''),(1139,178,'Goshen Elementary School','GoshenElementarySchool','goshenelem.sps.orvsd.org',''),(1140,178,'Guy Lee Elementary School','GuyLeeElementarySchool','guyleeelem.sps.orvsd.org',''),(1141,178,'Hamlin Middle School','HamlinMiddleSchool','hamlinmiddle.sps.orvsd.org',''),(1142,178,'Maple Elementary School','MapleElementarySchool','mapleelem.sps.orvsd.org',''),(1143,178,'Moffitt Elementary School','MoffittElementarySchool','moffittelem.sps.orvsd.org',''),(1144,178,'Mohawk Elementary School','MohawkElementarySchool','mohawkelem.sps.orvsd.org',''),(1145,178,'Mt Vernon Elementary School','MtVernonElementarySchool','mtvernonelem.sps.orvsd.org',''),(1146,178,'Ridgeview Elementary School','RidgeviewElementarySchool','ridgeviewelem.sps.orvsd.org',''),(1147,178,'Riverbend Elementary School','RiverbendElementarySchool','riverbendelem.sps.orvsd.org',''),(1148,178,'Springfield High School','SpringfieldHighSchool','springfieldhigh.sps.orvsd.org',''),(1149,178,'Springfield Middle School','SpringfieldMiddleSchool','springfieldmiddle.sps.orvsd.org',''),(1150,178,'Thurston Elementary School','ThurstonElementarySchool','thurstonelem.sps.orvsd.org',''),(1151,178,'Thurston High School','ThurstonHighSchool','thurstonhigh.sps.orvsd.org',''),(1152,178,'Thurston Middle School','ThurstonMiddleSchool','thurstonmiddle.sps.orvsd.org',''),(1153,178,'Walterville Elementary School','WaltervilleElementarySchool','waltervilleelem.sps.orvsd.org',''),(1154,178,'Yolanda Elementary School','YolandaElementarySchool','yolandaelem.sps.orvsd.org',''),(1155,179,'Columbia City School','ColumbiaCitySchool','columbiacity.sthelens.orvsd.org',''),(1156,179,'Columbia County Education Campus','ColumbiaCountyEducationCampus','columbiacountyeducationcampus.sthelens.orvsd.org',''),(1157,179,'Lewis and Clark Elementary School','LewisandClarkElementarySchool','lewisclarkelem.sthelens.orvsd.org',''),(1158,179,'McBride Elementary School','McBrideElementarySchool','mcbrideelem.sthelens.orvsd.org',''),(1159,179,'St Helens High School','StHelensHighSchool','sthelenshigh.sthelens.orvsd.org',''),(1160,179,'St Helens Middle School','StHelensMiddleSchool','sthelensmiddle.sthelens.orvsd.org',''),(1161,180,'St Paul Elementary School','StPaulElementarySchool','stpaulelem.stpaul.orvsd.org',''),(1162,180,'St Paul High School','StPaulHighSchool','stpaulhigh.stpaul.orvsd.org',''),(1163,181,'Stanfield Elementary School','StanfieldElementarySchool','stanfieldelem.stanfield.orvsd.org',''),(1164,181,'Stanfield Secondary School','StanfieldSecondarySchool','stanfieldsecondary.stanfield.orvsd.org',''),(1165,182,'Suntex Elementary School','SuntexElementarySchool','suntexelem.suntex.orvsd.org',''),(1166,183,'East Sutherlin Primary School','EastSutherlinPrimarySchool','eastsutherlinprimary.sutherlin.orvsd.org',''),(1167,183,'Sutherlin High School','SutherlinHighSchool','sutherlinhigh.sutherlin.orvsd.org',''),(1168,183,'Sutherlin Middle School','SutherlinMiddleSchool','sutherlinmiddle.sutherlin.orvsd.org',''),(1169,183,'West Sutherlin Intermediate','WestSutherlinIntermediate','westsutherlinintermediate.sutherlin.orvsd.org',''),(1170,184,'Crawfordsville Elementary School','CrawfordsvilleElementarySchool','crawfordsvilleelem.sweethome.orvsd.org',''),(1171,184,'Foster Elementary School','FosterElementarySchool','fosterelem.sweethome.orvsd.org',''),(1172,184,'Hawthorne Elementary School','HawthorneElementarySchool','hawthorneelem.sweethome.orvsd.org',''),(1173,184,'Holley Elementary School','HolleyElementarySchool','holleyelem.sweethome.orvsd.org',''),(1174,184,'Oak Heights Elementary School','OakHeightsElementarySchool','oakheightselem.sweethome.orvsd.org',''),(1175,184,'Sweet Home Charter School','SweetHomeCharterSchool','sweethomecharter.sweethome.orvsd.org',''),(1176,184,'Sweet Home High School','SweetHomeHighSchool','sweethomehigh.sweethome.orvsd.org',''),(1177,184,'Sweet Home Junior High School','SweetHomeJuniorHighSchool','sweethomejuniorhigh.sweethome.orvsd.org',''),(1178,185,'Applegate Elementary School','ApplegateElementarySchool','applegateelem.threerivers.orvsd.org',''),(1179,185,'Evergreen Elementary School','EvergreenElementarySchool','evergreenelem.threerivers.orvsd.org',''),(1180,185,'Fleming Middle School','FlemingMiddleSchool','flemingmiddle.threerivers.orvsd.org',''),(1181,185,'Fruitdale Elementary School','FruitdaleElementarySchool','fruitdaleelem.threerivers.orvsd.org',''),(1182,185,'Ft Vannoy Elementary School','FtVannoyElementarySchool','ftvannoyelem.threerivers.orvsd.org',''),(1183,185,'Hidden Valley High School','HiddenValleyHighSchool','hiddenvalleyhigh.threerivers.orvsd.org',''),(1184,185,'Illinois Valley High School','IllinoisValleyHighSchool','illinoisvalleyhigh.threerivers.orvsd.org',''),(1185,185,'Jerome Prairie Elementary School','JeromePrairieElementarySchool','jeromeprairieelem.threerivers.orvsd.org',''),(1186,185,'Lincoln Savage Middle School','LincolnSavageMiddleSchool','lincolnsavagemiddle.threerivers.orvsd.org',''),(1187,185,'Lorna Byrne Middle School','LornaByrneMiddleSchool','lornabyrnemiddle.threerivers.orvsd.org',''),(1188,185,'Madrona Elementary School','MadronaElementarySchool','madronaelem.threerivers.orvsd.org',''),(1189,185,'Manzanita Elementary School','ManzanitaElementarySchool','manzanitaelem.threerivers.orvsd.org',''),(1190,185,'North Valley High School','NorthValleyHighSchool','northvalleyhigh.threerivers.orvsd.org',''),(1191,185,'Williams Elementary School','WilliamsElementarySchool','williamselem.threerivers.orvsd.org',''),(1192,185,'Wolf Creek Elementary School','WolfCreekElementarySchool','wolfcreekelem.threerivers.orvsd.org',''),(1193,186,'Alberta Rider Elementary School','AlbertaRiderElementarySchool','albertariderelem.ttsd.orvsd.org',''),(1194,186,'Bridgeport Elementary School','BridgeportElementarySchool','bridgeportelem.ttsd.orvsd.org',''),(1195,186,'Charles F Tigard Elementary School','CharlesFTigardElementarySchool','charlesftigardelem.ttsd.orvsd.org',''),(1196,186,'Deer Creek Elementary School','DeerCreekElementarySchool','deercreekelem.ttsd.orvsd.org',''),(1197,186,'Durham Center','DurhamCenter','durhamcenter.ttsd.orvsd.org',''),(1198,186,'Durham Elementary School','DurhamElementarySchool','durhamelem.ttsd.orvsd.org',''),(1199,186,'Edward Byrom Elementary School','EdwardByromElementarySchool','edwardbyromelem.ttsd.orvsd.org',''),(1200,186,'Hazelbrook Middle School','HazelbrookMiddleSchool','hazelbrookmiddle.ttsd.orvsd.org',''),(1201,186,'James Templeton Elementary School','JamesTempletonElementarySchool','jamestempletonelem.ttsd.orvsd.org',''),(1202,186,'Mary Woodward Elementary School','MaryWoodwardElementarySchool','marywoodwardelem.ttsd.orvsd.org',''),(1203,186,'Metzger Elementary School','MetzgerElementarySchool','metzgerelem.ttsd.orvsd.org',''),(1204,186,'MITCH Charter School','MITCHCharterSchool','mitchcharter.ttsd.orvsd.org',''),(1205,186,'Thomas R Fowler Middle School','ThomasRFowlerMiddleSchool','thomasrfowlermiddle.ttsd.orvsd.org',''),(1206,186,'Tigard High School','TigardHighSchool','tigardhigh.ttsd.orvsd.org',''),(1207,186,'Tualatin Elementary School','TualatinElementarySchool','tualatinelem.ttsd.orvsd.org',''),(1208,186,'Tualatin High School','TualatinHighSchool','tualatinhigh.ttsd.orvsd.org',''),(1209,186,'Twality Middle School','TwalityMiddleSchool','twalitymiddle.ttsd.orvsd.org',''),(1210,187,'East Elementary School','EastElementarySchool','eastelem.tillamook.orvsd.org',''),(1211,187,'Liberty Elementary School','LibertyElementarySchool','libertyelem.tillamook.orvsd.org',''),(1212,187,'South Prairie Elementary School','SouthPrairieElementarySchool','southprairieelem.tillamook.orvsd.org',''),(1213,187,'Tillamook High School','TillamookHighSchool','tillamookhigh.tillamook.orvsd.org',''),(1214,187,'Tillamook Junior High School','TillamookJuniorHighSchool','tillamookjuniorhigh.tillamook.orvsd.org',''),(1215,188,'Troy Elementary School','TroyElementarySchool','troyelem.troy.orvsd.org',''),(1216,189,'Ukiah School','UkiahSchool','ukiah.ukiah.orvsd.org',''),(1217,190,'Clara Brownell Middle School','ClaraBrownellMiddleSchool','clarabrownellmiddle.umatilla.orvsd.org',''),(1218,190,'McNary Heights Elementary School','McNaryHeightsElementarySchool','mcnaryheightselem.umatilla.orvsd.org',''),(1219,190,'Umatilla High School','UmatillaHighSchool','umatillahigh.umatilla.orvsd.org',''),(1220,191,'Union Elementary School','UnionElementarySchool','unionelem.union.orvsd.org',''),(1221,191,'Union High School','UnionHighSchool','unionhigh.union.orvsd.org',''),(1222,192,'Vale Elementary School','ValeElementarySchool','valeelem.vale.orvsd.org',''),(1223,192,'Vale High School','ValeHighSchool','valehigh.vale.orvsd.org',''),(1224,192,'Vale Middle School','ValeMiddleSchool','valemiddle.vale.orvsd.org',''),(1225,192,'Willowcreek Elementary School','WillowcreekElementarySchool','willowcreekelem.vale.orvsd.org',''),(1226,193,'Mist Elementary School','MistElementarySchool','mistelem.vernonia.orvsd.org',''),(1227,193,'Vernonia High School','VernoniaHighSchool','vernoniahigh.vernonia.orvsd.org',''),(1228,193,'Vernonia Middle School','VernoniaMiddleSchool','vernoniamiddle.vernonia.orvsd.org',''),(1229,193,'Washington Elementary School','WashingtonElementarySchool','washingtonelem.vernonia.orvsd.org',''),(1230,194,'Wallowa Elementary School','WallowaElementarySchool','wallowaelem.wallowa.orvsd.org',''),(1231,194,'Wallowa High School','WallowaHighSchool','wallowahigh.wallowa.orvsd.org',''),(1232,195,'Warrenton Grade School','WarrentonGradeSchool','warrentongrade.whsd.orvsd.org',''),(1233,195,'Warrenton High School','WarrentonHighSchool','warrentonhigh.whsd.orvsd.org',''),(1234,196,'Arts and Technology Charter High School','ArtsandTechnologyCharterHighSchool','artstechnologycharterhigh.wlwv.orvsd.org',''),(1235,196,'Athey Creek Middle School','AtheyCreekMiddleSchool','atheycreekmiddle.wlwv.orvsd.org',''),(1236,196,'Boeckman Creek Primary School','BoeckmanCreekPrimarySchool','boeckmancreekprimary.wlwv.orvsd.org',''),(1237,196,'Bolton Primary School','BoltonPrimarySchool','boltonprimary.wlwv.orvsd.org',''),(1238,196,'Boones Ferry Primary School','BoonesFerryPrimarySchool','boonesferryprimary.wlwv.orvsd.org',''),(1239,196,'Cedaroak Park Primary School','CedaroakParkPrimarySchool','cedaroakparkprimary.wlwv.orvsd.org',''),(1240,196,'Inza R Wood Middle School','InzaRWoodMiddleSchool','inzarwoodmiddle.wlwv.orvsd.org',''),(1241,196,'Rosemont Ridge Middle School','RosemontRidgeMiddleSchool','rosemontridgemiddle.wlwv.orvsd.org',''),(1242,196,'Stafford Primary School','StaffordPrimarySchool','staffordprimary.wlwv.orvsd.org',''),(1243,196,'Sunset Primary School','SunsetPrimarySchool','sunsetprimary.wlwv.orvsd.org',''),(1244,196,'Three Rivers Charter School','ThreeRiversCharterSchool','threeriverscharter.wlwv.orvsd.org',''),(1245,196,'West Linn High School','WestLinnHighSchool','westlinnhigh.wlwv.orvsd.org',''),(1246,196,'Willamette Primary School','WillamettePrimarySchool','willametteprimary.wlwv.orvsd.org',''),(1247,196,'Wilsonville High School','WilsonvilleHighSchool','wilsonvillehigh.wlwv.orvsd.org',''),(1248,197,'Willamina Elementary School','WillaminaElementarySchool','willaminaelem.willamina.orvsd.org',''),(1249,197,'Willamina High School','WillaminaHighSchool','willaminahigh.willamina.orvsd.org',''),(1250,197,'Willamina Middle School','WillaminaMiddleSchool','willaminamiddle.willamina.orvsd.org',''),(1251,198,'Brockway Elementary School','BrockwayElementarySchool','brockwayelem.wdsd.orvsd.org',''),(1252,198,'Douglas High School','DouglasHighSchool','douglashigh.wdsd.orvsd.org',''),(1253,198,'Lookingglass Elementary School','LookingglassElementarySchool','lookingglasselem.wdsd.orvsd.org',''),(1254,198,'McGovern Elementary School','McGovernElementarySchool','mcgovernelem.wdsd.orvsd.org',''),(1255,198,'Winston Middle School','WinstonMiddleSchool','winstonmiddle.wdsd.orvsd.org',''),(1256,199,'French Prairie Middle School','FrenchPrairieMiddleSchool','frenchprairiemiddle.woodburn.orvsd.org',''),(1257,199,'Heritage Elementary','HeritageElementary','heritageelem.woodburn.orvsd.org',''),(1258,199,'Lincoln Elementary School','LincolnElementarySchool','lincolnelem.woodburn.orvsd.org',''),(1259,199,'Nellie Muir Elementary School','NellieMuirElementarySchool','nelliemuirelem.woodburn.orvsd.org',''),(1260,199,'Valor Middle School','ValorMiddleSchool','valormiddle.woodburn.orvsd.org',''),(1261,199,'Washington Elementary School','WashingtonElementarySchool','washingtonelem.woodburn.orvsd.org',''),(1262,199,'Woodburn Arthur Academy','WoodburnArthurAcademy','woodburnarthuracademy.woodburn.orvsd.org',''),(1263,199,'Woodburn High School','WoodburnHighSchool','woodburnhigh.woodburn.orvsd.org',''),(1264,200,'Carlton Elementary School','CarltonElementarySchool','carltonelem.ycsd.orvsd.org',''),(1265,200,'Yamhill Grade School','YamhillGradeSchool','yamhillgrade.ycsd.orvsd.org',''),(1266,200,'Yamhill-Carlton High School','Yamhill-CarltonHighSchool','yamhill-carltonhigh.ycsd.orvsd.org',''),(1267,201,'Yoncalla Elementary School','YoncallaElementarySchool','yoncallaelem.yoncalla.orvsd.org',''),(1268,201,'Yoncalla High School','YoncallaHighSchool','yoncallahigh.yoncalla.orvsd.org',''),(1269,202,'Clackamas ESD','ClackamasESD','clackesd.orvsd.org',''),(1270,203,'Douglas ESD','DouglasESD','douglasesd.orvsd.org',''),(1271,204,'Grant ESD','GrantESD','grantesd.orvsd.org',''),(1272,205,'Harney ESD','HarneyESD','harneyesd.orvsd.org',''),(1273,206,'High Desert ESD','HighDesertESD','hdesd.orvsd.org',''),(1274,207,'Lane ESD','LaneESD','lane.orvsd.org',''),(1275,208,'Linn-Benton-Lincoln ESD','Linn-Benton-LincolnESD','lblesd.orvsd.org',''),(1276,209,'Malheur ESD','MalheurESD','malesd.orvsd.org',''),(1277,210,'Multnomah ESD','MultnomahESD','mesd.orvsd.org',''),(1278,211,'North Central ESD','NorthCentralESD','ncesd.orvsd.org',''),(1279,212,'NW Regional ESD','NWRegionalESD','nwresd.orvsd.org',''),(1280,213,'Region 9 ESD','Region9ESD','r9esd.orvsd.org',''),(1281,214,'Region 18 ESD','Region18ESD','wallowaesd.orvsd.org',''),(1282,215,'South Coast ESD Region #7','SouthCoastESD     Region#7','coos.orvsd.org',''),(1283,216,'Southern Oregon ESD','SouthernOregonESD','soesd.orvsd.org',''),(1284,217,'Umatilla-Morrow ESD','Umatilla-MorrowESD','umesd.orvsd.org',''),(1285,218,'Union-Baker ESD','Union-BakerESD','ubesd.orvsd.org',''),(1286,219,'Willamette ESD','WillametteESD','willamesd.orvsd.org',''),(1287,220,'ORVSD Development','ORVSDDevelopment','dev.orvsd.org',''),(1288,2,'test1','test1','http://beaverton.stg.orvsd.org',''),(1289,2,'test2','test2','http://hillsboro.stg.orvsd.org',''),(1290,2,'test3','test3','http://pps.stg.orvsd.org','');
/*!40000 ALTER TABLE `schools` ENABLE KEYS */;
UNLOCK TABLES;

--
-- Table structure for table `site_details`
--

DROP TABLE IF EXISTS `site_details`;
/*!40101 SET @saved_cs_client     = @@character_set_client */;
/*!40101 SET character_set_client = utf8 */;
CREATE TABLE `site_details` (
  `id` int(11) NOT NULL AUTO_INCREMENT,
  `site_id` int(11) DEFAULT NULL,
  `siteversion` varchar(255) DEFAULT NULL,
  `siterelease` varchar(255) DEFAULT NULL,
  `adminemail` varchar(255) DEFAULT NULL,
  `totalusers` int(11) DEFAULT NULL,
  `adminusers` int(11) DEFAULT NULL,
  `teachers` int(11) DEFAULT NULL,
  `activeusers` int(11) DEFAULT NULL,
  `totalcourses` int(11) DEFAULT NULL,
  `timemodified` datetime DEFAULT NULL,
  PRIMARY KEY (`id`),
  KEY `site_id` (`site_id`),
  CONSTRAINT `fk_site_details_site_id` FOREIGN KEY (`site_id`) REFERENCES `sites` (`id`)
) ENGINE=InnoDB AUTO_INCREMENT=4 DEFAULT CHARSET=utf8;
/*!40101 SET character_set_client = @saved_cs_client */;

--
-- Dumping data for table `site_details`
--

LOCK TABLES `site_details` WRITE;
/*!40000 ALTER TABLE `site_details` DISABLE KEYS */;
INSERT INTO `site_details` VALUES (1,2,'2011120505.06',NULL,'admin@orvsd.org',46,2,2,0,4,NULL),(2,3,'2011120505.06',NULL,'admin@orvsd.org',257,2,18,0,72,NULL),(3,4,'2011120505.06',NULL,'admin@orvsd.org',641,2,17,1,30,NULL);
/*!40000 ALTER TABLE `site_details` ENABLE KEYS */;
UNLOCK TABLES;

--
-- Table structure for table `sites`
--

DROP TABLE IF EXISTS `sites`;
/*!40101 SET @saved_cs_client     = @@character_set_client */;
/*!40101 SET character_set_client = utf8 */;
CREATE TABLE `sites` (
  `id` int(11) NOT NULL AUTO_INCREMENT,
  `school_id` int(11) DEFAULT NULL,
  `sitename` varchar(255) DEFAULT NULL,
  `sitetype` enum('moodle','drupal') DEFAULT NULL,
  `baseurl` varchar(255) DEFAULT NULL,
  `basepath` varchar(255) DEFAULT NULL,
  `jenkins_cron_job` datetime DEFAULT NULL,
  `location` varchar(255) DEFAULT NULL,
  PRIMARY KEY (`id`),
  KEY `school_id` (`school_id`),
  CONSTRAINT `fk_sites_school_id` FOREIGN KEY (`school_id`) REFERENCES `schools` (`id`)
) ENGINE=InnoDB AUTO_INCREMENT=5 DEFAULT CHARSET=utf8;
/*!40101 SET character_set_client = @saved_cs_client */;

--
-- Dumping data for table `sites`
--

LOCK TABLES `sites` WRITE;
/*!40000 ALTER TABLE `sites` DISABLE KEYS */;
INSERT INTO `sites` VALUES (2,1288,'BSD Online','moodle','http://beaverton.stg.orvsd.org','/var/www/beaverton.stg.orvsd.org/moodle',NULL,NULL),(3,1289,'Hillsboro Online Academy Instruction','moodle','http://hillsboro.stg.orvsd.org','/var/www/hillsboro.stg.orvsd.org/moodle',NULL,NULL),(4,1290,'PPS Virtual Scholars','moodle','http://pps.stg.orvsd.org','/var/www/pps.stg.orvsd.org/moodle',NULL,NULL);
/*!40000 ALTER TABLE `sites` ENABLE KEYS */;
UNLOCK TABLES;

--
-- Table structure for table `sites_courses`
--

DROP TABLE IF EXISTS `sites_courses`;
/*!40101 SET @saved_cs_client     = @@character_set_client */;
/*!40101 SET character_set_client = utf8 */;
CREATE TABLE `sites_courses` (
  `site_id` int(11) DEFAULT NULL,
  `course_id` int(11) DEFAULT NULL,
  KEY `site_id` (`site_id`),
  KEY `course_id` (`course_id`),
  CONSTRAINT `fk_sites_courses_course_id` FOREIGN KEY (`course_id`) REFERENCES `courses` (`id`),
  CONSTRAINT `fk_sites_courses_site_id` FOREIGN KEY (`site_id`) REFERENCES `sites` (`id`)
) ENGINE=InnoDB DEFAULT CHARSET=utf8;
/*!40101 SET character_set_client = @saved_cs_client */;

--
-- Dumping data for table `sites_courses`
--

LOCK TABLES `sites_courses` WRITE;
/*!40000 ALTER TABLE `sites_courses` DISABLE KEYS */;
/*!40000 ALTER TABLE `sites_courses` ENABLE KEYS */;
UNLOCK TABLES;

--
-- Table structure for table `users`
--

DROP TABLE IF EXISTS `users`;
/*!40101 SET @saved_cs_client     = @@character_set_client */;
/*!40101 SET character_set_client = utf8 */;
CREATE TABLE `users` (
  `id` int(11) NOT NULL AUTO_INCREMENT,
  `name` varchar(50) DEFAULT NULL,
  `email` varchar(120) DEFAULT NULL,
  `password` varchar(20) DEFAULT NULL,
  `role` smallint(6) DEFAULT NULL,
  PRIMARY KEY (`id`),
  UNIQUE KEY `name` (`name`),
  UNIQUE KEY `email` (`email`)
) ENGINE=InnoDB AUTO_INCREMENT=2 DEFAULT CHARSET=utf8;
/*!40101 SET character_set_client = @saved_cs_client */;

--
-- Dumping data for table `users`
--

LOCK TABLES `users` WRITE;
/*!40000 ALTER TABLE `users` DISABLE KEYS */;
INSERT INTO `users` VALUES (1,'johnsdea','johnsdea@osuosl.org','orvsd_central',0);
/*!40000 ALTER TABLE `users` ENABLE KEYS */;
UNLOCK TABLES;
/*!40103 SET TIME_ZONE=@OLD_TIME_ZONE */;

/*!40101 SET SQL_MODE=@OLD_SQL_MODE */;
/*!40014 SET FOREIGN_KEY_CHECKS=@OLD_FOREIGN_KEY_CHECKS */;
/*!40014 SET UNIQUE_CHECKS=@OLD_UNIQUE_CHECKS */;
/*!40101 SET CHARACTER_SET_CLIENT=@OLD_CHARACTER_SET_CLIENT */;
/*!40101 SET CHARACTER_SET_RESULTS=@OLD_CHARACTER_SET_RESULTS */;
/*!40101 SET COLLATION_CONNECTION=@OLD_COLLATION_CONNECTION */;
/*!40111 SET SQL_NOTES=@OLD_SQL_NOTES */;

-- Dump completed on 2013-02-11 16:06:35
